<Cache>
  <EntityDescriptions>
    <Source>
      <EntityDescription>
        <Variable>a</Variable>
        <Restrictions></Restrictions>
        <Paths>
          <Path>?a/&lt;http://www.w3.org/2004/02/skos/core#preflabel&gt;</Path>
          <Path>?a/&lt;http://www.w3.org/2004/02/skos/core#altLabel&gt;</Path>
          <Path>?a/&lt;http://www.w3.org/2004/02/skos/core#broader&gt;</Path>
          <Path>?a/&lt;http://www.w3.org/1999/02/22-rdf-syntax-ns#type&gt;</Path>
          <Path>?a/&lt;http://purl.org/dc/terms/identifier&gt;</Path>
          <Path>?a/&lt;http://www.w3.org/2004/02/skos/core#inScheme&gt;</Path>
          <Path>?a/&lt;http://www.w3.org/2004/02/skos/core#definition&gt;</Path>
          <Path>?a/&lt;http://www.w3.org/2004/02/skos/core#exactMatch&gt;</Path>
          <Path>?a/&lt;http://www.w3.org/2004/02/skos/core#hasTopConcept&gt;</Path>
          <Path>?a/&lt;http://www.w3.org/2004/02/skos/core#topConceptOf&gt;</Path>
          <Path>?a/&lt;http://purl.org/dc/terms/source&gt;</Path>
          <Path>?a/&lt;http://purl.org/dc/terms/title&gt;</Path>
          <Path>?a/&lt;http://www.w3.org/2004/02/skos/core#prefLabel&gt;</Path>
          <Path>?a\&lt;http://www.w3.org/2004/02/skos/core#altLabel&gt;</Path>
          <Path>?a\&lt;http://www.w3.org/2004/02/skos/core#broader&gt;</Path>
          <Path>?a\&lt;http://www.w3.org/1999/02/22-rdf-syntax-ns#type&gt;</Path>
          <Path>?a\&lt;http://purl.org/dc/terms/identifier&gt;</Path>
          <Path>?a\&lt;http://www.w3.org/2004/02/skos/core#inScheme&gt;</Path>
          <Path>?a\&lt;http://www.w3.org/2004/02/skos/core#preflabel&gt;</Path>
          <Path>?a\&lt;http://www.w3.org/2004/02/skos/core#definition&gt;</Path>
          <Path>?a\&lt;http://www.w3.org/2004/02/skos/core#exactMatch&gt;</Path>
          <Path>?a\&lt;http://www.w3.org/2004/02/skos/core#hasTopConcept&gt;</Path>
          <Path>?a\&lt;http://www.w3.org/2004/02/skos/core#topConceptOf&gt;</Path>
        </Paths>
      </EntityDescription>
    </Source>
    <Target>
      <EntityDescription>
        <Variable>b</Variable>
        <Restrictions></Restrictions>
        <Paths>
          <Path>?b/&lt;http://www.w3.org/2004/02/skos/core#prefLabel&gt;</Path>
          <Path>?b/&lt;http://www.w3.org/2004/02/skos/core#altLabel&gt;</Path>
          <Path>?b\&lt;http://www.w3.org/2004/02/skos/core#altLabel&gt;</Path>
          <Path>?b\&lt;http://www.w3.org/2004/02/skos/core#prefLabel&gt;</Path>
          <Path>?b/&lt;http://ec.europa.eu/esco/model#memberOfISCOGroup&gt;</Path>
          <Path>?b\&lt;http://ec.europa.eu/esco/model#memberOfISCOGroup&gt;</Path>
        </Paths>
      </EntityDescription>
    </Target>
  </EntityDescriptions>
  <PositiveEntities> </PositiveEntities>
  <NegativeEntities> </NegativeEntities>
</Cache>
