<Interlink id="link">
  <LinkType>&lt;http://www.w3.org/2002/07/owl#sameAs&gt;</LinkType>
  <SourceDataset dataSource="dutch" var="a">
    <RestrictTo> </RestrictTo>
  </SourceDataset>
  <TargetDataset dataSource="hospi" var="b">
    <RestrictTo> </RestrictTo>
  </TargetDataset>
  <LinkageRule>
    <Aggregate id="unnamed_17" required="false" weight="1" type="max">
      <Compare id="unnamed_6" required="false" weight="1" metric="jaroWinkler" threshold="0.1" indexing="true">
        <TransformInput id="unnamed_5" function="lowerCase">
          <Input id="unnamed_1" path="?b/&lt;http://www.w3.org/2004/02/skos/core#prefLabel&gt;"/>
        </TransformInput>
        <TransformInput id="unnamed_4" function="lowerCase">
          <Input id="unnamed_2" path="?a/&lt;http://www.w3.org/2004/02/skos/core#preflabel&gt;"/>
        </TransformInput>
      </Compare>
      <Compare id="unnamed_12" required="false" weight="1" metric="jaroWinkler" threshold="0.1" indexing="true">
        <TransformInput id="unnamed_8" function="lowerCase">
          <Input id="unnamed_7" path="?b/&lt;http://www.w3.org/2004/02/skos/core#altLabel&gt;"/>
        </TransformInput>
        <TransformInput id="unnamed_9" function="lowerCase">
          <Input id="unnamed_3" path="?a/&lt;http://www.w3.org/2004/02/skos/core#preflabel&gt;"/>
        </TransformInput>
      </Compare>
      <Compare id="unnamed_10" required="false" weight="1" metric="jaroWinkler" threshold="0.1" indexing="true">
        <TransformInput id="unnamed_16" function="lowerCase">
          <Input id="unnamed_18" path="?b/&lt;http://www.w3.org/2004/02/skos/core#altLabel&gt;"/>
        </TransformInput>
        <TransformInput id="unnamed_15" function="lowerCase">
          <Input id="unnamed_19" path="?a/&lt;http://www.w3.org/2004/02/skos/core#altLabel&gt;"/>
        </TransformInput>
      </Compare>
      <Compare id="unnamed_11" required="false" weight="1" metric="jaroWinkler" threshold="0.1" indexing="true">
        <TransformInput id="unnamed_13" function="lowerCase">
          <Input id="unnamed_20" path="?b/&lt;http://www.w3.org/2004/02/skos/core#prefLabel&gt;"/>
        </TransformInput>
        <TransformInput id="unnamed_14" function="lowerCase">
          <Input id="unnamed_21" path="?a/&lt;http://www.w3.org/2004/02/skos/core#altLabel&gt;"/>
        </TransformInput>
      </Compare>
    </Aggregate>
  </LinkageRule>
  <Filter unambiguous="false"/>
  <Outputs> </Outputs>
</Interlink>
