<Cache>
  <EntityDescriptions>
    <Source>
      <EntityDescription>
        <Variable>a</Variable>
        <Restrictions></Restrictions>
        <Paths>
          <Path>?a/&lt;http://www.w3.org/2004/02/skos/core#prefLabel&gt;</Path>
          <Path>?a/&lt;http://www.w3.org/2004/02/skos/core#altLabel&gt;</Path>
          <Path>?a/&lt;http://ec.europa.eu/esco/model#memberOfISCOGroup&gt;</Path>
          <Path>?a\&lt;http://www.w3.org/2004/02/skos/core#prefLabel&gt;</Path>
          <Path>?a\&lt;http://www.w3.org/2004/02/skos/core#altLabel&gt;</Path>
          <Path>?a\&lt;http://ec.europa.eu/esco/model#memberOfISCOGroup&gt;</Path>
        </Paths>
      </EntityDescription>
    </Source>
    <Target>
      <EntityDescription>
        <Variable>b</Variable>
        <Restrictions></Restrictions>
        <Paths>
          <Path>?b/&lt;http://www.w3.org/2004/02/skos/core#altLabel&gt;</Path>
          <Path>?b/&lt;http://www.w3.org/2004/02/skos/core#prefLabel&gt;</Path>
          <Path>?b/&lt;http://ec.europa.eu/esco/model#memberOfISCOGroup&gt;</Path>
          <Path>?b/&lt;http://www.w3.org/2004/02/skos/core#definition&gt;</Path>
          <Path>?b\&lt;http://www.w3.org/2004/02/skos/core#altLabel&gt;</Path>
          <Path>?b\&lt;http://ec.europa.eu/esco/model#memberOfISCOGroup&gt;</Path>
          <Path>?b\&lt;http://www.w3.org/2004/02/skos/core#definition&gt;</Path>
          <Path>?b\&lt;http://www.w3.org/2004/02/skos/core#prefLabel&gt;</Path>
        </Paths>
      </EntityDescription>
    </Target>
  </EntityDescriptions>
  <PositiveEntities>
    <Pair>
      <Source>
        <Entity uri="http://ec.europa.eu/esco/occupation/23449">
          <Val>
            <e>Úředník zodpovědný za dobré zacházení se zvířaty</e>
            <e>Uffiċjal tal-benessri tal-annimali</e>
            <e>Ветеринар (хуманно отношение към животните)</e>
            <e>Gyvūnų gerovės specialistas</e>
            <e>Eläinlääkäri (eläinten terveys)</e>
            <e>Dyrevelferdspesialist</e>
            <e>Veterinair medewerker dierwelzijn</e>
            <e>Veterinár (hygienik)</e>
            <e>Loomakaitseinspektor</e>
            <e>Službenik/službenica za skrb životinja</e>
            <e>Inspektor weterynaryjny ds. zdrowia zwierząt (k/m)</e>
            <e>Funcționar condiții de viață animale</e>
            <e>Djurhälsoveterinär</e>
            <e>Vétérinaire de la santé des animaux</e>
            <e>Agente de bienestar animal</e>
            <e>Dyrlæge (dyrevelfærd)</e>
            <e>Funzionario (benessere degli animali)</e>
            <e>Veterinar/veterinarka za nego živali</e>
            <e>Tierschutzveterinär/in</e>
            <e>Κτηνίατρος για την ευεξία των ζώων</e>
            <e>Dzīvnieku aprūpes veterinārs</e>
            <e>Starfsmaður á sviði velferðar dýra</e>
            <e>Állatjóléti tisztviselő</e>
            <e>Animal welfare officer</e>
            <e>Veterinário (bem-estar animal)</e>
          </Val>
          <Val>
            <e>Állatorvos</e>
            <e>Veterinario - Salute Degli Animali</e>
            <e>Službenik za skrb životinja, službenica za skrb životinja</e>
            <e>Служител, хуманно отношение към животните</e>
            <e>Veterinário, bem-estar animal</e>
            <e>Gyvūnų priežiūros specialistas</e>
            <e>Uffiċjal tal-welfare ta' l-annimali</e>
            <e>Dyrlæge, dyrevelfærd</e>
            <e>Ανώτερος υπάλληλος ειδικευμένος στην ευημερία των ζώων</e>
            <e>Inspektor weterynaryjny ds. zdrowia zwierząt</e>
            <e>Tierpflegeveterinär/in</e>
            <e>Veterinar îngrijire animale</e>
            <e>Veterinár, hygienik</e>
          </Val>
          <Val>
            <e>http://ec.europa.eu/esco/isco2008/Concept/C2250</e>
          </Val>
          <Val> </Val>
          <Val> </Val>
          <Val> </Val>
        </Entity>
      </Source>
      <Target>
        <Entity uri="http://ec.europa.eu/esco/occupation/OCG.TL.3/VET.2.5">
          <Val>
            <e>animal rescue operator</e>
            <e>animal welfare coordinator</e>
            <e>animal welfare officer</e>
            <e>animal welfare worker</e>
            <e>animal control officer</e>
          </Val>
          <Val>
            <e>animal welfare inspector</e>
          </Val>
          <Val>
            <e>http://ec.europa.eu/esco/isco2008/Concept/C5164</e>
          </Val>
          <Val>
            <e>&lt;div&gt;&lt;div&gt;&lt;span style=&quot;font-size:16px&quot;&gt;Investigate alleged reports of animal cruelty or neglect, rescue or collect animals in immediate or potential risk, liaise with internal and external agencies and other animal welfare establishments, educate and advise owners and carers of animals and seek to improve or maintain the welfare of the animal(s), and prevent or alleviate suffering.&lt;/span&gt;&lt;/div&gt; &lt;/div&gt;</e>
          </Val>
          <Val> </Val>
          <Val> </Val>
          <Val> </Val>
          <Val> </Val>
        </Entity>
      </Target>
    </Pair>
    <Pair>
      <Source>
        <Entity uri="http://ec.europa.eu/esco/occupation/23476">
          <Val>
            <e>Κτηνίατρος νοσοκομείων ζώων</e>
            <e>Veterinário de hospital veterinário</e>
            <e>Dierenarts (dierenkliniek)</e>
            <e>Veterinární lékař ve veterinární nemocnici</e>
            <e>Лекар във ветеринарна лечебница</e>
            <e>Veterinarju ta' sptar tal-annimali</e>
            <e>Veterinario (clinica veterinaria)</e>
            <e>Weterynarz w szpitalu dla zwierząt (k/m)</e>
            <e>Veterinar/veterinarka (bolnišnica za živali)</e>
            <e>Dyrlæge (dyrehospital)</e>
            <e>Veterinárny chirurg (veterinárna kliniky)</e>
            <e>Állatkórházban dolgozó állatorvos</e>
            <e>Djursjukhusveterinär</e>
            <e>Veterinary surgeon (animal hospital)</e>
            <e>Vétérinaire d’hôpital vétérinaire</e>
            <e>Dzīvnieku slimnīcas veterinārs</e>
            <e>Dýralæknir (dýraspítali)</e>
            <e>Veterinarski/-a kirurg/-inja (bolnica za životinje)</e>
            <e>Chirurg veterinar (spital veterinar)</e>
            <e>Tierklinikarzt/-ärztin</e>
            <e>Veterinaararst (loomakliinik)</e>
            <e>Veterinarijos chirurgas (gyvūnų ligoninė)</e>
            <e>Veterinær (dyrehospital)</e>
            <e>Eläinklinikan eläinlääkäri</e>
            <e>Veterinario/a de hospital</e>
          </Val>
          <Val>
            <e>Animal hospital veterinarian</e>
            <e>Gyvūnų klinikos veterinaras</e>
            <e>Dyrlæge, dyrehospital</e>
            <e>Tierkrankenhausveterinär/in</e>
            <e>Állatkórházi állatorvos</e>
            <e>Weterynarz w szpitalu dla zwierząt</e>
            <e>Veterinar spital de animale</e>
            <e>Vet (animal hospital)</e>
            <e>Veterinar/veterinarka v živalski bolnišnici</e>
            <e>Veterinarski kirurg, veterinarska kirurginja (bolnica za životinje)</e>
            <e>Loomakliiniku veterinaararst</e>
            <e>Veterinario - Clinica Veterinaria</e>
            <e>Veterinarian (animal hospital)</e>
            <e>Dierenarts dierenkliniek</e>
            <e>Veterinár veterinárnej kliniky</e>
            <e>Veterinarju ta' sptar ta' l-annimali</e>
            <e>Veterinario de hospital</e>
          </Val>
          <Val>
            <e>http://ec.europa.eu/esco/isco2008/Concept/C2250</e>
          </Val>
          <Val> </Val>
          <Val> </Val>
          <Val> </Val>
        </Entity>
      </Source>
      <Target>
        <Entity uri="http://ec.europa.eu/esco/occupation/OCG.TL.3/VET.1.1">
          <Val>
            <e>companion animal veterinarian</e>
            <e>veterinary surgeon</e>
            <e>equine veterinarian</e>
            <e>food production animal veterinarian</e>
          </Val>
          <Val>
            <e>veterinarian (generalist)</e>
          </Val>
          <Val>
            <e>http://ec.europa.eu/esco/isco2008/Concept/C2250</e>
          </Val>
          <Val>
            <e>&lt;div&gt;&lt;div&gt;A professional with a comprehensive scientific education, licensed by the National legal authority, to carry out, in an independent, ethical and personally responsible capacity, all aspects of veterinary medicine, in the interest of the health and welfare of animals and public health.&amp;nbsp;&lt;br /&gt; &lt;br /&gt; &amp;nbsp;&lt;/div&gt; &lt;/div&gt;</e>
          </Val>
          <Val> </Val>
          <Val> </Val>
          <Val> </Val>
          <Val> </Val>
        </Entity>
      </Target>
    </Pair>
    <Pair>
      <Source>
        <Entity uri="http://ec.europa.eu/esco/occupation/17981">
          <Val>
            <e>Работник (подстригване на кучета)</e>
            <e>Strihač psov</e>
            <e>Επαγγελματίας περιποίησης σκύλων</e>
            <e>Parrukkier tal-klieb</e>
            <e>Frizer animale companie</e>
            <e>Suņu frizieris</e>
            <e>Koerapügaja</e>
            <e>Negovalec/negovalka kožuhov psov</e>
            <e>Hundasnyrtir</e>
            <e>Fryzjer psów (k/m)</e>
            <e>Kutyakozmetikus</e>
            <e>Hundetrimmer</e>
            <e>Hondentrimmer</e>
            <e>Koiran trimmaaja</e>
            <e>Dog trimmer</e>
            <e>Hundefriseur/in</e>
            <e>Šunų kirpėjas</e>
            <e>Toiletteur, toiletteuse de chiens</e>
            <e>Peluquero/a canino/a</e>
            <e>Ošetřovatel psí srsti</e>
            <e>Hundtrimmare</e>
            <e>Toelettatore di cani</e>
            <e>Frizer/-ka pasa</e>
            <e>Tosquiador de cães</e>
          </Val>
          <Val>
            <e>Frizer pasa, frizerka pasa</e>
            <e>Dog groom</e>
            <e>Groomer</e>
            <e>Hundefellpfleger/in</e>
            <e>Toiletteur de chiens</e>
            <e>Peluquero canino</e>
            <e>Работник, подстригване на кучета</e>
            <e>Dog groomer</e>
            <e>Fryzjer psi</e>
            <e>Persuna li tittrimmja l-klieb</e>
          </Val>
          <Val>
            <e>http://ec.europa.eu/esco/isco2008/Concept/C5164</e>
          </Val>
          <Val> </Val>
          <Val> </Val>
          <Val> </Val>
        </Entity>
      </Source>
      <Target>
        <Entity uri="http://ec.europa.eu/esco/occupation/OCG.TL.3/VET.2.4">
          <Val>
            <e>Dog groomer</e>
          </Val>
          <Val>
            <e>Animal groomer</e>
          </Val>
          <Val>
            <e>http://ec.europa.eu/esco/isco2008/Concept/C5164</e>
          </Val>
          <Val>
            <e>&lt;div&gt;&lt;div&gt;&lt;span style=&quot;font-size:16px&quot;&gt;Grooming of a range of animals using the correct equipment, materials and methods. It includes use of appropriate and safe handling techniques and the promotion of good hygiene, health and welfare of the animal.&lt;/span&gt;&amp;nbsp;&lt;/div&gt; &lt;/div&gt;</e>
          </Val>
          <Val> </Val>
          <Val> </Val>
          <Val> </Val>
          <Val> </Val>
        </Entity>
      </Target>
    </Pair>
    <Pair>
      <Source>
        <Entity uri="http://ec.europa.eu/esco/occupation/23210">
          <Val>
            <e>Veterinärassistent</e>
            <e>Dyrlægeassistent</e>
            <e>Veterināra asistents</e>
            <e>Βοηθός κτηνιάτρου</e>
            <e>Veterinaariaassistent</e>
            <e>Assistente veterinario</e>
            <e>Assistenztierarzt/-ärztin</e>
            <e>Veterinærassistent</e>
            <e>Veterinaro padėjėjas</e>
            <e>Állatorvosi szaksegéd</e>
            <e>Veterinárny asistent</e>
            <e>Asistent(ă) veterinar(ă)</e>
            <e>Dierenartsassistent</e>
            <e>Assistant(e) vétérinaire</e>
            <e>Pomočnik/pomočnica veterinarja</e>
            <e>Veterinarski/-a asistent/-ica</e>
            <e>Veterinary assistant</e>
            <e>Eläinlääkärin apulainen</e>
            <e>Assistente veterinário</e>
            <e>Асистент (ветеринарна медицина)</e>
            <e>Veterinární asistent</e>
            <e>Opiekun zwierząt (k/m)</e>
            <e>Ayudante de veterinario</e>
            <e>Assistent veterinarju</e>
            <e>Aðstoðarmaður dýralæknis</e>
          </Val>
          <Val>
            <e>Asystent weterynaryjny</e>
            <e>Tierärztliche/r Assistent/in</e>
            <e>Állatorvosi asszisztens</e>
            <e>Asistent veterinar</e>
            <e>Veterinarski asistent, veterinarska asistentica</e>
            <e>Assistant vétérinaire</e>
            <e>Асистент, ветеринарна медицина</e>
          </Val>
          <Val>
            <e>http://ec.europa.eu/esco/isco2008/Concept/C3240</e>
          </Val>
          <Val> </Val>
          <Val> </Val>
          <Val> </Val>
        </Entity>
      </Source>
      <Target>
        <Entity uri="http://ec.europa.eu/esco/occupation/OCG.TL.3/VET.3.4">
          <Val>
            <e>veterinary auxiliary</e>
            <e>veterinary assistant</e>
          </Val>
          <Val>
            <e>veterinary technician</e>
          </Val>
          <Val>
            <e>http://ec.europa.eu/esco/isco2008/Concept/C3240</e>
          </Val>
          <Val>
            <e>&lt;div&gt;&lt;span style=&quot;font-size:16px&quot;&gt;&lt;span style=&quot;color:rgb(51, 51, 51)&quot;&gt;Provision of&lt;/span&gt;&lt;span style=&quot;color:rgb(51, 51, 51)&quot;&gt;&amp;nbsp;technical and administrative support to the veterinarian,&lt;/span&gt;&lt;span style=&quot;color:rgb(51, 51, 51)&quot;&gt;&amp;nbsp; in conformance with&amp;nbsp;any&amp;nbsp;regulatory requirements by the National legal authority.&lt;/span&gt;&lt;/span&gt;&lt;br /&gt; &amp;nbsp;&lt;/div&gt;</e>
          </Val>
          <Val> </Val>
          <Val> </Val>
          <Val> </Val>
          <Val> </Val>
        </Entity>
      </Target>
    </Pair>
    <Pair>
      <Source>
        <Entity uri="http://ec.europa.eu/esco/occupation/15918">
          <Val>
            <e>Lekarz weterynarii (k/m)</e>
            <e>Veterinární lékař</e>
            <e>Dierenarts</e>
            <e>Állatorvos</e>
            <e>Veterinarijos chirurgas</e>
            <e>Veterinary surgeon</e>
            <e>Veterinär</e>
            <e>Veterinário</e>
            <e>Veterinaar</e>
            <e>Veterinārs</e>
            <e>Ветеринарен лекар</e>
            <e>Veterinario/a</e>
            <e>Vétérinaire</e>
            <e>Veterinarski/-a kirurg/-inja</e>
            <e>Chirurg veterinar</e>
            <e>Eläinlääkäri</e>
            <e>Veterinárny chirurg</e>
            <e>Κτηνίατρος</e>
            <e>Veterinarju</e>
            <e>Veterinär/in</e>
            <e>Veterinar/veterinarka</e>
            <e>Dýralæknir</e>
            <e>Veterinær</e>
            <e>Dyrlæge</e>
            <e>Veterinario</e>
          </Val>
          <Val>
            <e>Veterinarski kirurg, veterinarska kirurginja</e>
            <e>Veterinarian</e>
            <e>Lekarz weterynarii</e>
            <e>Veterinar</e>
            <e>Veterinaras</e>
            <e>Veterinár</e>
            <e>Veterinario</e>
          </Val>
          <Val>
            <e>http://ec.europa.eu/esco/isco2008/Concept/C2250</e>
          </Val>
          <Val> </Val>
          <Val> </Val>
          <Val> </Val>
        </Entity>
      </Source>
      <Target>
        <Entity uri="http://ec.europa.eu/esco/occupation/OCG.TL.3/VET.1.1">
          <Val>
            <e>companion animal veterinarian</e>
            <e>veterinary surgeon</e>
            <e>equine veterinarian</e>
            <e>food production animal veterinarian</e>
          </Val>
          <Val>
            <e>veterinarian (generalist)</e>
          </Val>
          <Val>
            <e>http://ec.europa.eu/esco/isco2008/Concept/C2250</e>
          </Val>
          <Val>
            <e>&lt;div&gt;&lt;div&gt;A professional with a comprehensive scientific education, licensed by the National legal authority, to carry out, in an independent, ethical and personally responsible capacity, all aspects of veterinary medicine, in the interest of the health and welfare of animals and public health.&amp;nbsp;&lt;br /&gt; &lt;br /&gt; &amp;nbsp;&lt;/div&gt; &lt;/div&gt;</e>
          </Val>
          <Val> </Val>
          <Val> </Val>
          <Val> </Val>
          <Val> </Val>
        </Entity>
      </Target>
    </Pair>
  </PositiveEntities>
  <NegativeEntities>
    <Pair>
      <Source>
        <Entity uri="http://ec.europa.eu/esco/occupation/23476">
          <Val>
            <e>Κτηνίατρος νοσοκομείων ζώων</e>
            <e>Veterinário de hospital veterinário</e>
            <e>Dierenarts (dierenkliniek)</e>
            <e>Veterinární lékař ve veterinární nemocnici</e>
            <e>Лекар във ветеринарна лечебница</e>
            <e>Veterinarju ta' sptar tal-annimali</e>
            <e>Veterinario (clinica veterinaria)</e>
            <e>Weterynarz w szpitalu dla zwierząt (k/m)</e>
            <e>Veterinar/veterinarka (bolnišnica za živali)</e>
            <e>Dyrlæge (dyrehospital)</e>
            <e>Veterinárny chirurg (veterinárna kliniky)</e>
            <e>Állatkórházban dolgozó állatorvos</e>
            <e>Djursjukhusveterinär</e>
            <e>Veterinary surgeon (animal hospital)</e>
            <e>Vétérinaire d’hôpital vétérinaire</e>
            <e>Dzīvnieku slimnīcas veterinārs</e>
            <e>Dýralæknir (dýraspítali)</e>
            <e>Veterinarski/-a kirurg/-inja (bolnica za životinje)</e>
            <e>Chirurg veterinar (spital veterinar)</e>
            <e>Tierklinikarzt/-ärztin</e>
            <e>Veterinaararst (loomakliinik)</e>
            <e>Veterinarijos chirurgas (gyvūnų ligoninė)</e>
            <e>Veterinær (dyrehospital)</e>
            <e>Eläinklinikan eläinlääkäri</e>
            <e>Veterinario/a de hospital</e>
          </Val>
          <Val>
            <e>Animal hospital veterinarian</e>
            <e>Gyvūnų klinikos veterinaras</e>
            <e>Dyrlæge, dyrehospital</e>
            <e>Tierkrankenhausveterinär/in</e>
            <e>Állatkórházi állatorvos</e>
            <e>Weterynarz w szpitalu dla zwierząt</e>
            <e>Veterinar spital de animale</e>
            <e>Vet (animal hospital)</e>
            <e>Veterinar/veterinarka v živalski bolnišnici</e>
            <e>Veterinarski kirurg, veterinarska kirurginja (bolnica za životinje)</e>
            <e>Loomakliiniku veterinaararst</e>
            <e>Veterinario - Clinica Veterinaria</e>
            <e>Veterinarian (animal hospital)</e>
            <e>Dierenarts dierenkliniek</e>
            <e>Veterinár veterinárnej kliniky</e>
            <e>Veterinarju ta' sptar ta' l-annimali</e>
            <e>Veterinario de hospital</e>
          </Val>
          <Val>
            <e>http://ec.europa.eu/esco/isco2008/Concept/C2250</e>
          </Val>
          <Val> </Val>
          <Val> </Val>
          <Val> </Val>
        </Entity>
      </Source>
      <Target>
        <Entity uri="http://ec.europa.eu/esco/occupation/OCG.TL.3/VET.2.4">
          <Val>
            <e>Dog groomer</e>
          </Val>
          <Val>
            <e>Animal groomer</e>
          </Val>
          <Val>
            <e>http://ec.europa.eu/esco/isco2008/Concept/C5164</e>
          </Val>
          <Val>
            <e>&lt;div&gt;&lt;div&gt;&lt;span style=&quot;font-size:16px&quot;&gt;Grooming of a range of animals using the correct equipment, materials and methods. It includes use of appropriate and safe handling techniques and the promotion of good hygiene, health and welfare of the animal.&lt;/span&gt;&amp;nbsp;&lt;/div&gt; &lt;/div&gt;</e>
          </Val>
          <Val> </Val>
          <Val> </Val>
          <Val> </Val>
          <Val> </Val>
        </Entity>
      </Target>
    </Pair>
    <Pair>
      <Source>
        <Entity uri="http://ec.europa.eu/esco/occupation/23413">
          <Val>
            <e>Veterinario ufficiale</e>
            <e>Veterinaararst</e>
            <e>Piirieläinlääkäri</e>
            <e>Veterinair ambtenaar</e>
            <e>Veterinario/a oficial de distrito</e>
            <e>Районен ветеринарен служител</e>
            <e>Veterinarski/-a službenik/službenica</e>
            <e>Rajona veterinārs</e>
            <e>Okresní veterinární lékař</e>
            <e>Veterinary officer</e>
            <e>Veterinar district</e>
            <e>Amtstierarzt/-ärztin</e>
            <e>Vétérinaire de district</e>
            <e>Uffiċjal veterinarju tad-distrett</e>
            <e>Funksjonær i veterinærtjenesten</e>
            <e>Embedsdyrlæge</e>
            <e>Distriktsveterinär</e>
            <e>Inspektor weterynaryjny (k/m)</e>
            <e>Κτηνίατρος</e>
            <e>Uradni veterinar/uradna veterinarka</e>
            <e>Veterinário regional</e>
            <e>Körzeti állatorvos</e>
            <e>Dýralæknir</e>
            <e>Veterinaras</e>
            <e>Veterinár</e>
          </Val>
          <Val>
            <e>Provinzialveterinär/in</e>
            <e>Veterinair districtsambtenaar</e>
            <e>Státem pověřený okresní veterinární lékař</e>
            <e>Vétérinaire départemental</e>
            <e>Okrožni veterinar/okrožna veterinarka</e>
            <e>Veterinario oficial de distrito</e>
            <e>Provinzjägermeister/in</e>
            <e>Maakonna veterinaar</e>
            <e>Ανώτερος κτηνιατρικός υπάλληλος περιφέρειας</e>
            <e>Regijski skrbnik/regijska skrbnica divjadi</e>
            <e>Megyei állatorvos</e>
            <e>Veterinary officer (county)</e>
            <e>Veterinário</e>
            <e>Okrajni veterinar/okrajna veterinarka</e>
            <e>Obvodný veterinár</e>
            <e>Kredsdyrlæge</e>
            <e>Paznic de vânătoare regional (județean)</e>
            <e>Krajský veterinár</e>
            <e>Veterinario oficial de la comarca</e>
            <e>Apygardos veterinaras</e>
            <e>Veterinario Provinciale</e>
            <e>Регионален пазач на дивеч</e>
            <e>County veterinary officer</e>
            <e>Distriktsdyrlæge</e>
            <e>Oblastní chovatel zvěře</e>
            <e>Regionaal dierenarts</e>
            <e>Regionálny hájnik</e>
            <e>Úředník okresní veterinární správy</e>
            <e>Apylinkės veterinaras</e>
            <e>Ανώτερος κτηνιατρικός υπάλληλος νομών</e>
            <e>Veterinarski službenik, veterinarska službenica</e>
            <e>Veterinar județean</e>
            <e>Persuna li tieħu ħsieb l-annimali tal-kaċċa ta' reġjun</e>
            <e>Maakonna ülemjääger</e>
            <e>Ringkonna veterinaararst</e>
            <e>Bezirksveterinär/in</e>
            <e>Uffiċjal veterinarju ta' distrett</e>
            <e>Länsjaktvårdare</e>
            <e>District veterinary officer</e>
            <e>Regionalny strażnik zwierzyny łownej (k/m)</e>
            <e>Läänineläinlääkäri</e>
            <e>Wojewódzki strażnik zwierzyny łownej</e>
            <e>Länsveterinär</e>
            <e>Областен ветеринарен служител</e>
            <e>Okręgowy inspektor weterynarii</e>
          </Val>
          <Val>
            <e>http://ec.europa.eu/esco/isco2008/Concept/C2250</e>
          </Val>
          <Val> </Val>
          <Val> </Val>
          <Val> </Val>
        </Entity>
      </Source>
      <Target>
        <Entity uri="http://ec.europa.eu/esco/occupation/OCG.TL.3/VET.3.4">
          <Val>
            <e>veterinary auxiliary</e>
            <e>veterinary assistant</e>
          </Val>
          <Val>
            <e>veterinary technician</e>
          </Val>
          <Val>
            <e>http://ec.europa.eu/esco/isco2008/Concept/C3240</e>
          </Val>
          <Val>
            <e>&lt;div&gt;&lt;span style=&quot;font-size:16px&quot;&gt;&lt;span style=&quot;color:rgb(51, 51, 51)&quot;&gt;Provision of&lt;/span&gt;&lt;span style=&quot;color:rgb(51, 51, 51)&quot;&gt;&amp;nbsp;technical and administrative support to the veterinarian,&lt;/span&gt;&lt;span style=&quot;color:rgb(51, 51, 51)&quot;&gt;&amp;nbsp; in conformance with&amp;nbsp;any&amp;nbsp;regulatory requirements by the National legal authority.&lt;/span&gt;&lt;/span&gt;&lt;br /&gt; &amp;nbsp;&lt;/div&gt;</e>
          </Val>
          <Val> </Val>
          <Val> </Val>
          <Val> </Val>
          <Val> </Val>
        </Entity>
      </Target>
    </Pair>
    <Pair>
      <Source>
        <Entity uri="http://ec.europa.eu/esco/occupation/23249">
          <Val>
            <e>Veterinario/a de laboratorio</e>
            <e>Veterinaras chirurgas (laboratorija)</e>
            <e>Laboratorieveterinär</e>
            <e>Veterinario di laboratorio</e>
            <e>Veterinarski/-a kirurg/-inja (laboratorij)</e>
            <e>Veterinário de laboratório</e>
            <e>Laboratoriumdierenarts</e>
            <e>Veterinary Surgeon (Laboratory)</e>
            <e>Uffiċjal veterinarju ta' laboratorju</e>
            <e>Laborveterinär/in</e>
            <e>Chirurg veterinar (laborator)</e>
            <e>Veterinær (laboratorie)</e>
            <e>Laboratorijas veterinārs</e>
            <e>Laboratorijski veterinar/laboratorijska veterinarka</e>
            <e>Vétérinaire de laboratoire</e>
            <e>Laboratorioeläinlääkäri</e>
            <e>Veterinaararst (labor)</e>
            <e>Εργαστηριακός/-ή κτηνίατρος</e>
            <e>Laboratoriedyrlæge</e>
            <e>Laboratórny veterinár</e>
            <e>Laboratóriumi állatorvos</e>
            <e>Weterynarz, laboratorium (k/m)</e>
            <e>Dýralæknir (rannsóknastofa)</e>
            <e>Laboratorní veterinární lékař</e>
            <e>Лабораторен ветеринар</e>
          </Val>
          <Val>
            <e>Laborant weterynaryjny</e>
            <e>Veterinario de laboratorio</e>
            <e>Εργαστηριακός κτηνίατρος</e>
            <e>Veterinarski kirurg, veterinarska kirurginja (laboratorij)</e>
            <e>Veterinar laborant</e>
            <e>Laboratorijos veterinaras</e>
            <e>Labori veterinaararst</e>
            <e>Vet, laboratory</e>
            <e>Veterinarian, laboratory</e>
            <e>Laboratory veterinarian</e>
          </Val>
          <Val>
            <e>http://ec.europa.eu/esco/isco2008/Concept/C2250</e>
          </Val>
          <Val> </Val>
          <Val> </Val>
          <Val> </Val>
        </Entity>
      </Source>
      <Target>
        <Entity uri="http://ec.europa.eu/esco/occupation/OCG.TL.3/VET.1.1">
          <Val>
            <e>companion animal veterinarian</e>
            <e>veterinary surgeon</e>
            <e>equine veterinarian</e>
            <e>food production animal veterinarian</e>
          </Val>
          <Val>
            <e>veterinarian (generalist)</e>
          </Val>
          <Val>
            <e>http://ec.europa.eu/esco/isco2008/Concept/C2250</e>
          </Val>
          <Val>
            <e>&lt;div&gt;&lt;div&gt;A professional with a comprehensive scientific education, licensed by the National legal authority, to carry out, in an independent, ethical and personally responsible capacity, all aspects of veterinary medicine, in the interest of the health and welfare of animals and public health.&amp;nbsp;&lt;br /&gt; &lt;br /&gt; &amp;nbsp;&lt;/div&gt; &lt;/div&gt;</e>
          </Val>
          <Val> </Val>
          <Val> </Val>
          <Val> </Val>
          <Val> </Val>
        </Entity>
      </Target>
    </Pair>
    <Pair>
      <Source>
        <Entity uri="http://ec.europa.eu/esco/occupation/23469">
          <Val>
            <e>Állatorvos, sebész (mesterséges megtermékenyítés)</e>
            <e>Weterynarz, sztuczna inseminacja zwierząt (k/m)</e>
            <e>Veterinarski/-a kirurg/-inja (umjetna oplodnja)</e>
            <e>Chirurg veterinar (inseminare artificială)</e>
            <e>Veterinario/a especialista en inseminación artificial</e>
            <e>Dýralæknir (sæðing)</e>
            <e>Keinosiemennyseläinlääkäri</e>
            <e>Veterinär/in (künstliche Besamung)</e>
            <e>Veterinær (kunstig inseminering)</e>
            <e>Veterinaarkirurg (seemendustehnik)</e>
            <e>Vétérinaire inséminateur, inséminatrice</e>
            <e>Inseminačný veterinár</e>
            <e>Veterinario (inseminazione artificiale)</e>
            <e>Veterinární lékař specializovaný na umělou inseminaci</e>
            <e>Veterinary surgeon (artificial insemination)</e>
            <e>Mākslīgās apsēklošanas veterinārs</e>
            <e>Veterinário inseminador artificial</e>
            <e>Veterinarju tal-inseminazzjoni artifiċjali</e>
            <e>Veterinar/veterinarka (umetno osemenjevanje)</e>
            <e>Κτηνίατρος τεχνητής γονιμοποίησης</e>
            <e>Insemineringsdyrlæge</e>
            <e>Veterinaras (dirbtinis apsėklinimas)</e>
            <e>Dierenarts (kunstmatige inseminatie)</e>
            <e>Ветеринар (изкуствено осеменяване)</e>
            <e>Seminveterinär</e>
          </Val>
          <Val>
            <e>Veterinarju ta' l-inseminazzjoni artifiċjali</e>
            <e>Veterinarian (artificial insemination)</e>
            <e>Vet (artificial insemination)</e>
            <e>Seemendustehnik</e>
            <e>Veterinar/veterinarka za umetno osemenjevanje</e>
            <e>KI-dierenarts</e>
            <e>Veterinario Inseminatore</e>
            <e>Vétérinaire inséminateur</e>
            <e>Inseminationsveterinär/in</e>
            <e>Artificial insemination veterinarian</e>
            <e>Dirbtinio apsėklinimo veterinaras</e>
            <e>Weterynarz – specjalista ds. sztucznej inseminacji zwierząt</e>
            <e>Veterinario especialista en inseminación artificial</e>
            <e>Inszemináló állatorvos</e>
            <e>Ветеринар, изкуствено осеменяване</e>
            <e>Veterinarski kirurg, veterinarska kirurginja (umjetna oplodnja)</e>
            <e>Veterinar inseminare artificială</e>
          </Val>
          <Val>
            <e>http://ec.europa.eu/esco/isco2008/Concept/C2250</e>
          </Val>
          <Val> </Val>
          <Val> </Val>
          <Val> </Val>
        </Entity>
      </Source>
      <Target>
        <Entity uri="http://ec.europa.eu/esco/occupation/OCG.TL.3/VET.1.1">
          <Val>
            <e>companion animal veterinarian</e>
            <e>veterinary surgeon</e>
            <e>equine veterinarian</e>
            <e>food production animal veterinarian</e>
          </Val>
          <Val>
            <e>veterinarian (generalist)</e>
          </Val>
          <Val>
            <e>http://ec.europa.eu/esco/isco2008/Concept/C2250</e>
          </Val>
          <Val>
            <e>&lt;div&gt;&lt;div&gt;A professional with a comprehensive scientific education, licensed by the National legal authority, to carry out, in an independent, ethical and personally responsible capacity, all aspects of veterinary medicine, in the interest of the health and welfare of animals and public health.&amp;nbsp;&lt;br /&gt; &lt;br /&gt; &amp;nbsp;&lt;/div&gt; &lt;/div&gt;</e>
          </Val>
          <Val> </Val>
          <Val> </Val>
          <Val> </Val>
          <Val> </Val>
        </Entity>
      </Target>
    </Pair>
    <Pair>
      <Source>
        <Entity uri="http://ec.europa.eu/esco/occupation/21163">
          <Val>
            <e>Zookeeper</e>
            <e>Φύλακας, ζωολογικός κήπος</e>
            <e>Állatkerti állatgondozó</e>
            <e>Gæslumaður dýragarð</e>
            <e>Čuvar/-ica zoološkog vrta</e>
            <e>Cuidador/a de animales del parque zoológico</e>
            <e>Dzīvnieku kopējs zooloģiskajā dārzā</e>
            <e>Guardiano di zoo</e>
            <e>Ošetřovatel zvířat v zoo</e>
            <e>Zoologijos sodo darbuotojas</e>
            <e>Opiekun zwierząt w ZOO (k/m)</e>
            <e>Îngrijitor (îngrijitoare) animale, grădina zoologică</e>
            <e>Dyrepasser (dyrepark)</e>
            <e>Гледач (зоологическа градина)</e>
            <e>Tratador de animais (jardim zoológico)</e>
            <e>Soigneur, soigneuse d’animaux, parc zoologique</e>
            <e>Dierenverzorger (dierentuin)</e>
            <e>Chovateľ zvierat (ZOO)</e>
            <e>Eläintenhoitaja (eläintarha)</e>
            <e>Oskrbnik/oskrbnica živali</e>
            <e>Djurskötare (djurpark)</e>
            <e>Loomatalitaja (loomaaed)</e>
            <e>Tierpfleger/in (Tierpark)</e>
          </Val>
          <Val>
            <e>Гледач, зоологическа градина</e>
            <e>Chovateľ zvierat, ZOO</e>
            <e>Addetto Alla Cura Degli Animali, Zoo</e>
            <e>Dierenverzorger, dierentuin</e>
            <e>Opiekun zwierząt w ZOO</e>
            <e>Wieħed li jieħu ħsieb l-annimali, f'żoo</e>
            <e>Djurskötare, djurpark</e>
            <e>Állatgondozó, állatkert</e>
            <e>Soigneur d’animaux, parc zoologique</e>
            <e>Animal keeper, zoo</e>
            <e>Keeper</e>
            <e>Čuvar zoološkog vrta, čuvarica zoološkog vrta</e>
            <e>Tierpfleger/in, Tierpark</e>
            <e>Cuidador de animales del parque zoológico</e>
            <e>Tratador de animais, jardim zoológico</e>
            <e>Oskrbnik/oskrbnica živali, živalski vrt</e>
            <e>Dyrepasser, dyrepark</e>
            <e>Îngrijitor animale, grădina zoologică</e>
            <e>Gyvūnų prižiūrėtojas - zoologijos sodas</e>
          </Val>
          <Val>
            <e>http://ec.europa.eu/esco/isco2008/Concept/C5164</e>
          </Val>
          <Val> </Val>
          <Val> </Val>
          <Val> </Val>
        </Entity>
      </Source>
      <Target>
        <Entity uri="http://ec.europa.eu/esco/occupation/OCG.TL.3/VET.2.1">
          <Val>
            <e>animal caretaker</e>
            <e>equine groom</e>
            <e>animal retail carer</e>
            <e>kennel worker</e>
            <e>animal rescue carer</e>
            <e>zoo animal keeper</e>
            <e>animal keeper</e>
          </Val>
          <Val>
            <e>Animal care attendant</e>
          </Val>
          <Val>
            <e>http://ec.europa.eu/esco/isco2008/Concept/C5164</e>
          </Val>
          <Val>
            <e>&lt;div&gt;&lt;div&gt;&lt;span style=&quot;font-size:16px&quot;&gt;Provision of routine care for non-production animals, which may include feeding, watering, cleaning, exercise and enrichment, grooming, training and monitoring of health and welfare,&amp;nbsp;&lt;/span&gt;&lt;span style=&quot;color:rgb(51, 51, 51); font-size:16.363636016845703px&quot;&gt;in accordance with national legislation.&lt;/span&gt;&lt;/div&gt; &lt;/div&gt;</e>
          </Val>
          <Val> </Val>
          <Val> </Val>
          <Val> </Val>
          <Val> </Val>
        </Entity>
      </Target>
    </Pair>
    <Pair>
      <Source>
        <Entity uri="http://ec.europa.eu/esco/occupation/15918">
          <Val>
            <e>Lekarz weterynarii (k/m)</e>
            <e>Veterinární lékař</e>
            <e>Dierenarts</e>
            <e>Állatorvos</e>
            <e>Veterinarijos chirurgas</e>
            <e>Veterinary surgeon</e>
            <e>Veterinär</e>
            <e>Veterinário</e>
            <e>Veterinaar</e>
            <e>Veterinārs</e>
            <e>Ветеринарен лекар</e>
            <e>Veterinario/a</e>
            <e>Vétérinaire</e>
            <e>Veterinarski/-a kirurg/-inja</e>
            <e>Chirurg veterinar</e>
            <e>Eläinlääkäri</e>
            <e>Veterinárny chirurg</e>
            <e>Κτηνίατρος</e>
            <e>Veterinarju</e>
            <e>Veterinär/in</e>
            <e>Veterinar/veterinarka</e>
            <e>Dýralæknir</e>
            <e>Veterinær</e>
            <e>Dyrlæge</e>
            <e>Veterinario</e>
          </Val>
          <Val>
            <e>Veterinarski kirurg, veterinarska kirurginja</e>
            <e>Veterinarian</e>
            <e>Lekarz weterynarii</e>
            <e>Veterinar</e>
            <e>Veterinaras</e>
            <e>Veterinár</e>
            <e>Veterinario</e>
          </Val>
          <Val>
            <e>http://ec.europa.eu/esco/isco2008/Concept/C2250</e>
          </Val>
          <Val> </Val>
          <Val> </Val>
          <Val> </Val>
        </Entity>
      </Source>
      <Target>
        <Entity uri="http://ec.europa.eu/esco/occupation/OCG.TL.3/VET.3.4">
          <Val>
            <e>veterinary auxiliary</e>
            <e>veterinary assistant</e>
          </Val>
          <Val>
            <e>veterinary technician</e>
          </Val>
          <Val>
            <e>http://ec.europa.eu/esco/isco2008/Concept/C3240</e>
          </Val>
          <Val>
            <e>&lt;div&gt;&lt;span style=&quot;font-size:16px&quot;&gt;&lt;span style=&quot;color:rgb(51, 51, 51)&quot;&gt;Provision of&lt;/span&gt;&lt;span style=&quot;color:rgb(51, 51, 51)&quot;&gt;&amp;nbsp;technical and administrative support to the veterinarian,&lt;/span&gt;&lt;span style=&quot;color:rgb(51, 51, 51)&quot;&gt;&amp;nbsp; in conformance with&amp;nbsp;any&amp;nbsp;regulatory requirements by the National legal authority.&lt;/span&gt;&lt;/span&gt;&lt;br /&gt; &amp;nbsp;&lt;/div&gt;</e>
          </Val>
          <Val> </Val>
          <Val> </Val>
          <Val> </Val>
          <Val> </Val>
        </Entity>
      </Target>
    </Pair>
  </NegativeEntities>
</Cache>
