<rdf:RDF xmlns:align="http://knowledgeweb.semanticweb.org/heterogeneity/alignment#" xmlns:xsd="http://www.w3.org/2001/XMLSchema#" xmlns:rdf="http://www.w3.org/1999/02/22-rdf-syntax-ns#" xmlns="http://knowledgeweb.semanticweb.org/heterogeneity/alignment#">
  <Alignment>
    <map>
      <Cell>
        <entity1 rdf:resource="http://ec.europa.eu/esco/occupation/21507"/>
        <entity2 rdf:resource="http://ec.europa.eu/esco/occupation/HOSPI.1.3.2.m.3"/>
        <relation>=</relation>
        <measure rdf:datatype="http://www.w3.org/2001/XMLSchema#float">0.0</measure>
      </Cell>
    </map>
    <map>
      <Cell>
        <entity1 rdf:resource="http://ec.europa.eu/esco/occupation/22829"/>
        <entity2 rdf:resource="http://ec.europa.eu/esco/occupation/HOSPI.1.1.3.m.35"/>
        <relation>=</relation>
        <measure rdf:datatype="http://www.w3.org/2001/XMLSchema#float">0.0</measure>
      </Cell>
    </map>
    <map>
      <Cell>
        <entity1 rdf:resource="http://ec.europa.eu/esco/occupation/14286"/>
        <entity2 rdf:resource="http://ec.europa.eu/esco/occupation/HOSPI.1.1.3.m.31"/>
        <relation>=</relation>
        <measure rdf:datatype="http://www.w3.org/2001/XMLSchema#float">0.0</measure>
      </Cell>
    </map>
    <map>
      <Cell>
        <entity1 rdf:resource="http://ec.europa.eu/esco/occupation/20427"/>
        <entity2 rdf:resource="http://ec.europa.eu/esco/occupation/HOSPI.1.3.2.m.3"/>
        <relation>=</relation>
        <measure rdf:datatype="http://www.w3.org/2001/XMLSchema#float">0.0</measure>
      </Cell>
    </map>
    <map>
      <Cell>
        <entity1 rdf:resource="http://ec.europa.eu/esco/occupation/22847"/>
        <entity2 rdf:resource="http://ec.europa.eu/esco/occupation/HOSPI.1.3.2.m.3"/>
        <relation>=</relation>
        <measure rdf:datatype="http://www.w3.org/2001/XMLSchema#float">0.0</measure>
      </Cell>
    </map>
    <map>
      <Cell>
        <entity1 rdf:resource="http://ec.europa.eu/esco/occupation/22833"/>
        <entity2 rdf:resource="http://ec.europa.eu/esco/occupation/HOSPI.1.2.2.m.5"/>
        <relation>=</relation>
        <measure rdf:datatype="http://www.w3.org/2001/XMLSchema#float">0.0</measure>
      </Cell>
    </map>
    <map>
      <Cell>
        <entity1 rdf:resource="http://ec.europa.eu/esco/occupation/21571"/>
        <entity2 rdf:resource="http://ec.europa.eu/esco/occupation/HOSPI.1.3.2.m.1"/>
        <relation>=</relation>
        <measure rdf:datatype="http://www.w3.org/2001/XMLSchema#float">0.0</measure>
      </Cell>
    </map>
    <map>
      <Cell>
        <entity1 rdf:resource="http://ec.europa.eu/esco/occupation/21602"/>
        <entity2 rdf:resource="http://ec.europa.eu/esco/occupation/HOSPI.1.3.1.m.3"/>
        <relation>=</relation>
        <measure rdf:datatype="http://www.w3.org/2001/XMLSchema#float">0.0</measure>
      </Cell>
    </map>
    <map>
      <Cell>
        <entity1 rdf:resource="http://ec.europa.eu/esco/occupation/20481"/>
        <entity2 rdf:resource="http://ec.europa.eu/esco/occupation/HOSPI.1.2.2.m.5"/>
        <relation>=</relation>
        <measure rdf:datatype="http://www.w3.org/2001/XMLSchema#float">0.0</measure>
      </Cell>
    </map>
    <map>
      <Cell>
        <entity1 rdf:resource="http://ec.europa.eu/esco/occupation/14372"/>
        <entity2 rdf:resource="http://ec.europa.eu/esco/occupation/HOSPI.1.1.3.m.31"/>
        <relation>=</relation>
        <measure rdf:datatype="http://www.w3.org/2001/XMLSchema#float">0.0</measure>
      </Cell>
    </map>
    <map>
      <Cell>
        <entity1 rdf:resource="http://ec.europa.eu/esco/occupation/17402"/>
        <entity2 rdf:resource="http://ec.europa.eu/esco/occupation/HOSPI.1.1.3.m.35"/>
        <relation>=</relation>
        <measure rdf:datatype="http://www.w3.org/2001/XMLSchema#float">0.0</measure>
      </Cell>
    </map>
    <map>
      <Cell>
        <entity1 rdf:resource="http://ec.europa.eu/esco/occupation/19286"/>
        <entity2 rdf:resource="http://ec.europa.eu/esco/occupation/HOSPI.1.1.3.m.35"/>
        <relation>=</relation>
        <measure rdf:datatype="http://www.w3.org/2001/XMLSchema#float">0.0</measure>
      </Cell>
    </map>
    <map>
      <Cell>
        <entity1 rdf:resource="http://ec.europa.eu/esco/occupation/22811"/>
        <entity2 rdf:resource="http://ec.europa.eu/esco/occupation/HOSPI.2.3.2.m.2"/>
        <relation>=</relation>
        <measure rdf:datatype="http://www.w3.org/2001/XMLSchema#float">0.0</measure>
      </Cell>
    </map>
    <map>
      <Cell>
        <entity1 rdf:resource="http://ec.europa.eu/esco/occupation/16601"/>
        <entity2 rdf:resource="http://ec.europa.eu/esco/occupation/HOSPI.1.1.3.m.6"/>
        <relation>=</relation>
        <measure rdf:datatype="http://www.w3.org/2001/XMLSchema#float">0.0</measure>
      </Cell>
    </map>
    <map>
      <Cell>
        <entity1 rdf:resource="http://ec.europa.eu/esco/occupation/14268"/>
        <entity2 rdf:resource="http://ec.europa.eu/esco/occupation/HOSPI.2.2.2.m.13"/>
        <relation>=</relation>
        <measure rdf:datatype="http://www.w3.org/2001/XMLSchema#float">0.0</measure>
      </Cell>
    </map>
    <map>
      <Cell>
        <entity1 rdf:resource="http://ec.europa.eu/esco/occupation/23449"/>
        <entity2 rdf:resource="http://ec.europa.eu/esco/occupation/OCG.TL.3/VET.2.5"/>
        <relation>=</relation>
        <measure rdf:datatype="http://www.w3.org/2001/XMLSchema#float">0.0</measure>
      </Cell>
    </map>
    <map>
      <Cell>
        <entity1 rdf:resource="http://ec.europa.eu/esco/occupation/21176"/>
        <entity2 rdf:resource="http://ec.europa.eu/esco/occupation/HOSPI.1.1.3.m.31"/>
        <relation>=</relation>
        <measure rdf:datatype="http://www.w3.org/2001/XMLSchema#float">0.0</measure>
      </Cell>
    </map>
    <map>
      <Cell>
        <entity1 rdf:resource="http://ec.europa.eu/esco/occupation/22819"/>
        <entity2 rdf:resource="http://ec.europa.eu/esco/occupation/HOSPI.1.2.1.m.7"/>
        <relation>=</relation>
        <measure rdf:datatype="http://www.w3.org/2001/XMLSchema#float">0.0</measure>
      </Cell>
    </map>
    <map>
      <Cell>
        <entity1 rdf:resource="http://ec.europa.eu/esco/occupation/20179"/>
        <entity2 rdf:resource="http://ec.europa.eu/esco/occupation/HOSPI.2.1.1.m.14"/>
        <relation>=</relation>
        <measure rdf:datatype="http://www.w3.org/2001/XMLSchema#float">0.0</measure>
      </Cell>
    </map>
    <map>
      <Cell>
        <entity1 rdf:resource="http://ec.europa.eu/esco/occupation/20458"/>
        <entity2 rdf:resource="http://ec.europa.eu/esco/occupation/HOSPI.1.1.3.m.35"/>
        <relation>=</relation>
        <measure rdf:datatype="http://www.w3.org/2001/XMLSchema#float">0.0</measure>
      </Cell>
    </map>
    <map>
      <Cell>
        <entity1 rdf:resource="http://ec.europa.eu/esco/occupation/22534"/>
        <entity2 rdf:resource="http://ec.europa.eu/esco/occupation/HOSPI.1.3.2.m.3"/>
        <relation>=</relation>
        <measure rdf:datatype="http://www.w3.org/2001/XMLSchema#float">0.0</measure>
      </Cell>
    </map>
    <map>
      <Cell>
        <entity1 rdf:resource="http://ec.europa.eu/esco/occupation/16686"/>
        <entity2 rdf:resource="http://ec.europa.eu/esco/occupation/HOSPI.2.3.2.m.2"/>
        <relation>=</relation>
        <measure rdf:datatype="http://www.w3.org/2001/XMLSchema#float">0.0</measure>
      </Cell>
    </map>
    <map>
      <Cell>
        <entity1 rdf:resource="http://ec.europa.eu/esco/occupation/22833"/>
        <entity2 rdf:resource="http://ec.europa.eu/esco/occupation/HOSPI.1.2.2.m.6"/>
        <relation>=</relation>
        <measure rdf:datatype="http://www.w3.org/2001/XMLSchema#float">0.0</measure>
      </Cell>
    </map>
    <map>
      <Cell>
        <entity1 rdf:resource="http://ec.europa.eu/esco/occupation/14312"/>
        <entity2 rdf:resource="http://ec.europa.eu/esco/occupation/HOSPI.1.1.3.m.31"/>
        <relation>=</relation>
        <measure rdf:datatype="http://www.w3.org/2001/XMLSchema#float">0.0</measure>
      </Cell>
    </map>
    <map>
      <Cell>
        <entity1 rdf:resource="http://ec.europa.eu/esco/occupation/20888"/>
        <entity2 rdf:resource="http://ec.europa.eu/esco/occupation/HOSPI.1.1.3.m.21"/>
        <relation>=</relation>
        <measure rdf:datatype="http://www.w3.org/2001/XMLSchema#float">0.0</measure>
      </Cell>
    </map>
    <map>
      <Cell>
        <entity1 rdf:resource="http://ec.europa.eu/esco/occupation/23476"/>
        <entity2 rdf:resource="http://ec.europa.eu/esco/occupation/OCG.TL.3/VET.1.1"/>
        <relation>=</relation>
        <measure rdf:datatype="http://www.w3.org/2001/XMLSchema#float">0.0</measure>
      </Cell>
    </map>
    <map>
      <Cell>
        <entity1 rdf:resource="http://ec.europa.eu/esco/occupation/20888"/>
        <entity2 rdf:resource="http://ec.europa.eu/esco/occupation/HOSPI.1.1.3.m.6"/>
        <relation>=</relation>
        <measure rdf:datatype="http://www.w3.org/2001/XMLSchema#float">0.0</measure>
      </Cell>
    </map>
    <map>
      <Cell>
        <entity1 rdf:resource="http://ec.europa.eu/esco/occupation/21236"/>
        <entity2 rdf:resource="http://ec.europa.eu/esco/occupation/HOSPI.1.1.3.m.31"/>
        <relation>=</relation>
        <measure rdf:datatype="http://www.w3.org/2001/XMLSchema#float">0.0</measure>
      </Cell>
    </map>
    <map>
      <Cell>
        <entity1 rdf:resource="http://ec.europa.eu/esco/occupation/16842"/>
        <entity2 rdf:resource="http://ec.europa.eu/esco/occupation/HOSPI.2.2.1.m.2"/>
        <relation>=</relation>
        <measure rdf:datatype="http://www.w3.org/2001/XMLSchema#float">0.0</measure>
      </Cell>
    </map>
    <map>
      <Cell>
        <entity1 rdf:resource="http://ec.europa.eu/esco/occupation/19288"/>
        <entity2 rdf:resource="http://ec.europa.eu/esco/occupation/HOSPI.1.1.3.m.35"/>
        <relation>=</relation>
        <measure rdf:datatype="http://www.w3.org/2001/XMLSchema#float">0.0</measure>
      </Cell>
    </map>
    <map>
      <Cell>
        <entity1 rdf:resource="http://ec.europa.eu/esco/occupation/17981"/>
        <entity2 rdf:resource="http://ec.europa.eu/esco/occupation/OCG.TL.3/VET.2.4"/>
        <relation>=</relation>
        <measure rdf:datatype="http://www.w3.org/2001/XMLSchema#float">0.0</measure>
      </Cell>
    </map>
    <map>
      <Cell>
        <entity1 rdf:resource="http://ec.europa.eu/esco/occupation/23210"/>
        <entity2 rdf:resource="http://ec.europa.eu/esco/occupation/OCG.TL.3/VET.3.4"/>
        <relation>=</relation>
        <measure rdf:datatype="http://www.w3.org/2001/XMLSchema#float">0.0</measure>
      </Cell>
    </map>
    <map>
      <Cell>
        <entity1 rdf:resource="http://ec.europa.eu/esco/occupation/22717"/>
        <entity2 rdf:resource="http://ec.europa.eu/esco/occupation/HOSPI.2.1.1.m.14"/>
        <relation>=</relation>
        <measure rdf:datatype="http://www.w3.org/2001/XMLSchema#float">0.0</measure>
      </Cell>
    </map>
    <map>
      <Cell>
        <entity1 rdf:resource="http://ec.europa.eu/esco/occupation/15918"/>
        <entity2 rdf:resource="http://ec.europa.eu/esco/occupation/OCG.TL.3/VET.1.1"/>
        <relation>=</relation>
        <measure rdf:datatype="http://www.w3.org/2001/XMLSchema#float">0.0</measure>
      </Cell>
    </map>
    <map>
      <Cell>
        <entity1 rdf:resource="http://ec.europa.eu/esco/occupation/16842"/>
        <entity2 rdf:resource="http://ec.europa.eu/esco/occupation/HOSPI.2.2.2.m.12"/>
        <relation>=</relation>
        <measure rdf:datatype="http://www.w3.org/2001/XMLSchema#float">0.0</measure>
      </Cell>
    </map>
    <map>
      <Cell>
        <entity1 rdf:resource="http://ec.europa.eu/esco/occupation/20787"/>
        <entity2 rdf:resource="http://ec.europa.eu/esco/occupation/HOSPI.1.2.2.m.5"/>
        <relation>=</relation>
        <measure rdf:datatype="http://www.w3.org/2001/XMLSchema#float">0.0</measure>
      </Cell>
    </map>
    <map>
      <Cell>
        <entity1 rdf:resource="http://ec.europa.eu/esco/occupation/19069"/>
        <entity2 rdf:resource="http://ec.europa.eu/esco/occupation/HOSPI.1.3.2.m.3"/>
        <relation>=</relation>
        <measure rdf:datatype="http://www.w3.org/2001/XMLSchema#float">0.0</measure>
      </Cell>
    </map>
    <map>
      <Cell>
        <entity1 rdf:resource="http://ec.europa.eu/esco/occupation/21178"/>
        <entity2 rdf:resource="http://ec.europa.eu/esco/occupation/HOSPI.1.1.2.m.20"/>
        <relation>=</relation>
        <measure rdf:datatype="http://www.w3.org/2001/XMLSchema#float">0.0</measure>
      </Cell>
    </map>
    <map>
      <Cell>
        <entity1 rdf:resource="http://ec.europa.eu/esco/occupation/22712"/>
        <entity2 rdf:resource="http://ec.europa.eu/esco/occupation/HOSPI.2.2.2.m.13"/>
        <relation>=</relation>
        <measure rdf:datatype="http://www.w3.org/2001/XMLSchema#float">0.0</measure>
      </Cell>
    </map>
    <map>
      <Cell>
        <entity1 rdf:resource="http://ec.europa.eu/esco/occupation/21594"/>
        <entity2 rdf:resource="http://ec.europa.eu/esco/occupation/HOSPI.1.3.2.m.1"/>
        <relation>=</relation>
        <measure rdf:datatype="http://www.w3.org/2001/XMLSchema#float">0.0</measure>
      </Cell>
    </map>
    <map>
      <Cell>
        <entity1 rdf:resource="http://ec.europa.eu/esco/occupation/16601"/>
        <entity2 rdf:resource="http://ec.europa.eu/esco/occupation/HOSPI.1.1.3.m.21"/>
        <relation>=</relation>
        <measure rdf:datatype="http://www.w3.org/2001/XMLSchema#float">0.0</measure>
      </Cell>
    </map>
    <map>
      <Cell>
        <entity1 rdf:resource="http://ec.europa.eu/esco/occupation/19332"/>
        <entity2 rdf:resource="http://ec.europa.eu/esco/occupation/HOSPI.1.1.3.m.35"/>
        <relation>=</relation>
        <measure rdf:datatype="http://www.w3.org/2001/XMLSchema#float">0.0</measure>
      </Cell>
    </map>
    <map>
      <Cell>
        <entity1 rdf:resource="http://ec.europa.eu/esco/occupation/20121"/>
        <entity2 rdf:resource="http://ec.europa.eu/esco/occupation/HOSPI.2.1.1.m.14"/>
        <relation>=</relation>
        <measure rdf:datatype="http://www.w3.org/2001/XMLSchema#float">0.0</measure>
      </Cell>
    </map>
    <map>
      <Cell>
        <entity1 rdf:resource="http://ec.europa.eu/esco/occupation/21517"/>
        <entity2 rdf:resource="http://ec.europa.eu/esco/occupation/HOSPI.2.1.1.m.14"/>
        <relation>=</relation>
        <measure rdf:datatype="http://www.w3.org/2001/XMLSchema#float">0.0</measure>
      </Cell>
    </map>
    <map>
      <Cell>
        <entity1 rdf:resource="http://ec.europa.eu/esco/occupation/21412"/>
        <entity2 rdf:resource="http://ec.europa.eu/esco/occupation/HOSPI.2.1.1.m.14"/>
        <relation>=</relation>
        <measure rdf:datatype="http://www.w3.org/2001/XMLSchema#float">0.0</measure>
      </Cell>
    </map>
    <map>
      <Cell>
        <entity1 rdf:resource="http://ec.europa.eu/esco/occupation/23696"/>
        <entity2 rdf:resource="http://ec.europa.eu/esco/occupation/HOSPI.1.2.2.m.17"/>
        <relation>=</relation>
        <measure rdf:datatype="http://www.w3.org/2001/XMLSchema#float">0.0</measure>
      </Cell>
    </map>
    <map>
      <Cell>
        <entity1 rdf:resource="http://ec.europa.eu/esco/occupation/21176"/>
        <entity2 rdf:resource="http://ec.europa.eu/esco/occupation/HOSPI.1.1.2.m.20"/>
        <relation>=</relation>
        <measure rdf:datatype="http://www.w3.org/2001/XMLSchema#float">0.0</measure>
      </Cell>
    </map>
    <map>
      <Cell>
        <entity1 rdf:resource="http://ec.europa.eu/esco/occupation/21466"/>
        <entity2 rdf:resource="http://ec.europa.eu/esco/occupation/HOSPI.1.2.2.m.20"/>
        <relation>=</relation>
        <measure rdf:datatype="http://www.w3.org/2001/XMLSchema#float">0.0</measure>
      </Cell>
    </map>
    <map>
      <Cell>
        <entity1 rdf:resource="http://ec.europa.eu/esco/occupation/15718"/>
        <entity2 rdf:resource="http://ec.europa.eu/esco/occupation/HOSPI.2.2.2.m.13"/>
        <relation>=</relation>
        <measure rdf:datatype="http://www.w3.org/2001/XMLSchema#float">0.0</measure>
      </Cell>
    </map>
    <map>
      <Cell>
        <entity1 rdf:resource="http://ec.europa.eu/esco/occupation/20481"/>
        <entity2 rdf:resource="http://ec.europa.eu/esco/occupation/HOSPI.1.2.2.m.6"/>
        <relation>=</relation>
        <measure rdf:datatype="http://www.w3.org/2001/XMLSchema#float">0.0</measure>
      </Cell>
    </map>
    <map>
      <Cell>
        <entity1 rdf:resource="http://ec.europa.eu/esco/occupation/19320"/>
        <entity2 rdf:resource="http://ec.europa.eu/esco/occupation/HOSPI.1.1.3.m.35"/>
        <relation>=</relation>
        <measure rdf:datatype="http://www.w3.org/2001/XMLSchema#float">0.0</measure>
      </Cell>
    </map>
    <map>
      <Cell>
        <entity1 rdf:resource="http://ec.europa.eu/esco/occupation/23476"/>
        <entity2 rdf:resource="http://ec.europa.eu/esco/occupation/OCG.TL.3/VET.2.4"/>
        <relation>!=</relation>
        <measure rdf:datatype="http://www.w3.org/2001/XMLSchema#float">0.0</measure>
      </Cell>
    </map>
    <map>
      <Cell>
        <entity1 rdf:resource="http://ec.europa.eu/esco/occupation/14364"/>
        <entity2 rdf:resource="http://ec.europa.eu/esco/occupation/HOSPI.2.2.2.m.13"/>
        <relation>!=</relation>
        <measure rdf:datatype="http://www.w3.org/2001/XMLSchema#float">0.0</measure>
      </Cell>
    </map>
    <map>
      <Cell>
        <entity1 rdf:resource="http://ec.europa.eu/esco/occupation/17256"/>
        <entity2 rdf:resource="http://ec.europa.eu/esco/occupation/HOSPI.1.3.1.m.8"/>
        <relation>!=</relation>
        <measure rdf:datatype="http://www.w3.org/2001/XMLSchema#float">0.0</measure>
      </Cell>
    </map>
    <map>
      <Cell>
        <entity1 rdf:resource="http://ec.europa.eu/esco/occupation/20414"/>
        <entity2 rdf:resource="http://ec.europa.eu/esco/occupation/HOSPI.1.2.2.m.17"/>
        <relation>!=</relation>
        <measure rdf:datatype="http://www.w3.org/2001/XMLSchema#float">0.0</measure>
      </Cell>
    </map>
    <map>
      <Cell>
        <entity1 rdf:resource="http://ec.europa.eu/esco/occupation/16575"/>
        <entity2 rdf:resource="http://ec.europa.eu/esco/occupation/HOSPI.1.3.2.m.8"/>
        <relation>!=</relation>
        <measure rdf:datatype="http://www.w3.org/2001/XMLSchema#float">0.0</measure>
      </Cell>
    </map>
    <map>
      <Cell>
        <entity1 rdf:resource="http://ec.europa.eu/esco/occupation/17267"/>
        <entity2 rdf:resource="http://ec.europa.eu/esco/occupation/HOSPI.1.3.2.m.1"/>
        <relation>!=</relation>
        <measure rdf:datatype="http://www.w3.org/2001/XMLSchema#float">0.0</measure>
      </Cell>
    </map>
    <map>
      <Cell>
        <entity1 rdf:resource="http://ec.europa.eu/esco/occupation/22819"/>
        <entity2 rdf:resource="http://ec.europa.eu/esco/occupation/HOSPI.1.3.1.m.3"/>
        <relation>!=</relation>
        <measure rdf:datatype="http://www.w3.org/2001/XMLSchema#float">0.0</measure>
      </Cell>
    </map>
    <map>
      <Cell>
        <entity1 rdf:resource="http://ec.europa.eu/esco/occupation/17389"/>
        <entity2 rdf:resource="http://ec.europa.eu/esco/occupation/HOSPI.1.1.3.m.21"/>
        <relation>!=</relation>
        <measure rdf:datatype="http://www.w3.org/2001/XMLSchema#float">0.0</measure>
      </Cell>
    </map>
    <map>
      <Cell>
        <entity1 rdf:resource="http://ec.europa.eu/esco/occupation/17750"/>
        <entity2 rdf:resource="http://ec.europa.eu/esco/occupation/HOSPI.1.2.2.m.5"/>
        <relation>!=</relation>
        <measure rdf:datatype="http://www.w3.org/2001/XMLSchema#float">0.0</measure>
      </Cell>
    </map>
    <map>
      <Cell>
        <entity1 rdf:resource="http://ec.europa.eu/esco/occupation/23331"/>
        <entity2 rdf:resource="http://ec.europa.eu/esco/occupation/HOSPI.1.3.2.m.1"/>
        <relation>!=</relation>
        <measure rdf:datatype="http://www.w3.org/2001/XMLSchema#float">0.0</measure>
      </Cell>
    </map>
    <map>
      <Cell>
        <entity1 rdf:resource="http://ec.europa.eu/esco/occupation/17389"/>
        <entity2 rdf:resource="http://ec.europa.eu/esco/occupation/HOSPI.1.1.3.m.3"/>
        <relation>!=</relation>
        <measure rdf:datatype="http://www.w3.org/2001/XMLSchema#float">0.0</measure>
      </Cell>
    </map>
    <map>
      <Cell>
        <entity1 rdf:resource="http://ec.europa.eu/esco/occupation/19131"/>
        <entity2 rdf:resource="http://ec.europa.eu/esco/occupation/HOSPI.1.3.2.m.1"/>
        <relation>!=</relation>
        <measure rdf:datatype="http://www.w3.org/2001/XMLSchema#float">0.0</measure>
      </Cell>
    </map>
    <map>
      <Cell>
        <entity1 rdf:resource="http://ec.europa.eu/esco/occupation/14312"/>
        <entity2 rdf:resource="http://ec.europa.eu/esco/occupation/HOSPI.1.3.2.m.1"/>
        <relation>!=</relation>
        <measure rdf:datatype="http://www.w3.org/2001/XMLSchema#float">0.0</measure>
      </Cell>
    </map>
    <map>
      <Cell>
        <entity1 rdf:resource="http://ec.europa.eu/esco/occupation/16571"/>
        <entity2 rdf:resource="http://ec.europa.eu/esco/occupation/HOSPI.1.2.2.m.5"/>
        <relation>!=</relation>
        <measure rdf:datatype="http://www.w3.org/2001/XMLSchema#float">0.0</measure>
      </Cell>
    </map>
    <map>
      <Cell>
        <entity1 rdf:resource="http://ec.europa.eu/esco/occupation/23700"/>
        <entity2 rdf:resource="http://ec.europa.eu/esco/occupation/HOSPI.1.1.3.m.21"/>
        <relation>!=</relation>
        <measure rdf:datatype="http://www.w3.org/2001/XMLSchema#float">0.0</measure>
      </Cell>
    </map>
    <map>
      <Cell>
        <entity1 rdf:resource="http://ec.europa.eu/esco/occupation/22697"/>
        <entity2 rdf:resource="http://ec.europa.eu/esco/occupation/HOSPI.2.1.1.m.14"/>
        <relation>!=</relation>
        <measure rdf:datatype="http://www.w3.org/2001/XMLSchema#float">0.0</measure>
      </Cell>
    </map>
    <map>
      <Cell>
        <entity1 rdf:resource="http://ec.europa.eu/esco/occupation/22555"/>
        <entity2 rdf:resource="http://ec.europa.eu/esco/occupation/HOSPI.1.3.2.m.1"/>
        <relation>!=</relation>
        <measure rdf:datatype="http://www.w3.org/2001/XMLSchema#float">0.0</measure>
      </Cell>
    </map>
    <map>
      <Cell>
        <entity1 rdf:resource="http://ec.europa.eu/esco/occupation/20161"/>
        <entity2 rdf:resource="http://ec.europa.eu/esco/occupation/HOSPI.1.3.2.m.1"/>
        <relation>!=</relation>
        <measure rdf:datatype="http://www.w3.org/2001/XMLSchema#float">0.0</measure>
      </Cell>
    </map>
    <map>
      <Cell>
        <entity1 rdf:resource="http://ec.europa.eu/esco/occupation/14286"/>
        <entity2 rdf:resource="http://ec.europa.eu/esco/occupation/HOSPI.1.1.3.m.3"/>
        <relation>!=</relation>
        <measure rdf:datatype="http://www.w3.org/2001/XMLSchema#float">0.0</measure>
      </Cell>
    </map>
    <map>
      <Cell>
        <entity1 rdf:resource="http://ec.europa.eu/esco/occupation/22749"/>
        <entity2 rdf:resource="http://ec.europa.eu/esco/occupation/HOSPI.1.3.2.m.8"/>
        <relation>!=</relation>
        <measure rdf:datatype="http://www.w3.org/2001/XMLSchema#float">0.0</measure>
      </Cell>
    </map>
    <map>
      <Cell>
        <entity1 rdf:resource="http://ec.europa.eu/esco/occupation/22717"/>
        <entity2 rdf:resource="http://ec.europa.eu/esco/occupation/HOSPI.2.2.1.m.2"/>
        <relation>!=</relation>
        <measure rdf:datatype="http://www.w3.org/2001/XMLSchema#float">0.0</measure>
      </Cell>
    </map>
    <map>
      <Cell>
        <entity1 rdf:resource="http://ec.europa.eu/esco/occupation/21088"/>
        <entity2 rdf:resource="http://ec.europa.eu/esco/occupation/HOSPI.1.1.3.m.21"/>
        <relation>!=</relation>
        <measure rdf:datatype="http://www.w3.org/2001/XMLSchema#float">0.0</measure>
      </Cell>
    </map>
    <map>
      <Cell>
        <entity1 rdf:resource="http://ec.europa.eu/esco/occupation/15463"/>
        <entity2 rdf:resource="http://ec.europa.eu/esco/occupation/HOSPI.1.1.3.m.24"/>
        <relation>!=</relation>
        <measure rdf:datatype="http://www.w3.org/2001/XMLSchema#float">0.0</measure>
      </Cell>
    </map>
    <map>
      <Cell>
        <entity1 rdf:resource="http://ec.europa.eu/esco/occupation/17989"/>
        <entity2 rdf:resource="http://ec.europa.eu/esco/occupation/HOSPI.1.1.3.m.6"/>
        <relation>!=</relation>
        <measure rdf:datatype="http://www.w3.org/2001/XMLSchema#float">0.0</measure>
      </Cell>
    </map>
    <map>
      <Cell>
        <entity1 rdf:resource="http://ec.europa.eu/esco/occupation/22500"/>
        <entity2 rdf:resource="http://ec.europa.eu/esco/occupation/HOSPI.1.1.3.m.3"/>
        <relation>!=</relation>
        <measure rdf:datatype="http://www.w3.org/2001/XMLSchema#float">0.0</measure>
      </Cell>
    </map>
    <map>
      <Cell>
        <entity1 rdf:resource="http://ec.europa.eu/esco/occupation/21888"/>
        <entity2 rdf:resource="http://ec.europa.eu/esco/occupation/HOSPI.1.3.2.m.1"/>
        <relation>!=</relation>
        <measure rdf:datatype="http://www.w3.org/2001/XMLSchema#float">0.0</measure>
      </Cell>
    </map>
    <map>
      <Cell>
        <entity1 rdf:resource="http://ec.europa.eu/esco/occupation/17263"/>
        <entity2 rdf:resource="http://ec.europa.eu/esco/occupation/HOSPI.1.2.2.m.6"/>
        <relation>!=</relation>
        <measure rdf:datatype="http://www.w3.org/2001/XMLSchema#float">0.0</measure>
      </Cell>
    </map>
    <map>
      <Cell>
        <entity1 rdf:resource="http://ec.europa.eu/esco/occupation/22015"/>
        <entity2 rdf:resource="http://ec.europa.eu/esco/occupation/HOSPI.1.2.2.m.5"/>
        <relation>!=</relation>
        <measure rdf:datatype="http://www.w3.org/2001/XMLSchema#float">0.0</measure>
      </Cell>
    </map>
    <map>
      <Cell>
        <entity1 rdf:resource="http://ec.europa.eu/esco/occupation/16177"/>
        <entity2 rdf:resource="http://ec.europa.eu/esco/occupation/HOSPI.1.2.2.m.20"/>
        <relation>!=</relation>
        <measure rdf:datatype="http://www.w3.org/2001/XMLSchema#float">0.0</measure>
      </Cell>
    </map>
    <map>
      <Cell>
        <entity1 rdf:resource="http://ec.europa.eu/esco/occupation/21299"/>
        <entity2 rdf:resource="http://ec.europa.eu/esco/occupation/HOSPI.1.1.3.m.31"/>
        <relation>!=</relation>
        <measure rdf:datatype="http://www.w3.org/2001/XMLSchema#float">0.0</measure>
      </Cell>
    </map>
    <map>
      <Cell>
        <entity1 rdf:resource="http://ec.europa.eu/esco/occupation/17750"/>
        <entity2 rdf:resource="http://ec.europa.eu/esco/occupation/HOSPI.1.2.2.m.6"/>
        <relation>!=</relation>
        <measure rdf:datatype="http://www.w3.org/2001/XMLSchema#float">0.0</measure>
      </Cell>
    </map>
    <map>
      <Cell>
        <entity1 rdf:resource="http://ec.europa.eu/esco/occupation/16601"/>
        <entity2 rdf:resource="http://ec.europa.eu/esco/occupation/HOSPI.1.1.3.m.3"/>
        <relation>!=</relation>
        <measure rdf:datatype="http://www.w3.org/2001/XMLSchema#float">0.0</measure>
      </Cell>
    </map>
    <map>
      <Cell>
        <entity1 rdf:resource="http://ec.europa.eu/esco/occupation/22794"/>
        <entity2 rdf:resource="http://ec.europa.eu/esco/occupation/HOSPI.1.3.2.m.8"/>
        <relation>!=</relation>
        <measure rdf:datatype="http://www.w3.org/2001/XMLSchema#float">0.0</measure>
      </Cell>
    </map>
    <map>
      <Cell>
        <entity1 rdf:resource="http://ec.europa.eu/esco/occupation/20133"/>
        <entity2 rdf:resource="http://ec.europa.eu/esco/occupation/HOSPI.1.3.2.m.1"/>
        <relation>!=</relation>
        <measure rdf:datatype="http://www.w3.org/2001/XMLSchema#float">0.0</measure>
      </Cell>
    </map>
    <map>
      <Cell>
        <entity1 rdf:resource="http://ec.europa.eu/esco/occupation/23188"/>
        <entity2 rdf:resource="http://ec.europa.eu/esco/occupation/HOSPI.1.3.2.m.1"/>
        <relation>!=</relation>
        <measure rdf:datatype="http://www.w3.org/2001/XMLSchema#float">0.0</measure>
      </Cell>
    </map>
    <map>
      <Cell>
        <entity1 rdf:resource="http://ec.europa.eu/esco/occupation/15746"/>
        <entity2 rdf:resource="http://ec.europa.eu/esco/occupation/HOSPI.1.3.2.m.1"/>
        <relation>!=</relation>
        <measure rdf:datatype="http://www.w3.org/2001/XMLSchema#float">0.0</measure>
      </Cell>
    </map>
    <map>
      <Cell>
        <entity1 rdf:resource="http://ec.europa.eu/esco/occupation/18617"/>
        <entity2 rdf:resource="http://ec.europa.eu/esco/occupation/HOSPI.1.1.3.m.21"/>
        <relation>!=</relation>
        <measure rdf:datatype="http://www.w3.org/2001/XMLSchema#float">0.0</measure>
      </Cell>
    </map>
    <map>
      <Cell>
        <entity1 rdf:resource="http://ec.europa.eu/esco/occupation/22701"/>
        <entity2 rdf:resource="http://ec.europa.eu/esco/occupation/HOSPI.1.3.2.m.8"/>
        <relation>!=</relation>
        <measure rdf:datatype="http://www.w3.org/2001/XMLSchema#float">0.0</measure>
      </Cell>
    </map>
    <map>
      <Cell>
        <entity1 rdf:resource="http://ec.europa.eu/esco/occupation/15768"/>
        <entity2 rdf:resource="http://ec.europa.eu/esco/occupation/HOSPI.1.3.2.m.1"/>
        <relation>!=</relation>
        <measure rdf:datatype="http://www.w3.org/2001/XMLSchema#float">0.0</measure>
      </Cell>
    </map>
    <map>
      <Cell>
        <entity1 rdf:resource="http://ec.europa.eu/esco/occupation/22712"/>
        <entity2 rdf:resource="http://ec.europa.eu/esco/occupation/HOSPI.2.2.2.m.12"/>
        <relation>!=</relation>
        <measure rdf:datatype="http://www.w3.org/2001/XMLSchema#float">0.0</measure>
      </Cell>
    </map>
    <map>
      <Cell>
        <entity1 rdf:resource="http://ec.europa.eu/esco/occupation/17256"/>
        <entity2 rdf:resource="http://ec.europa.eu/esco/occupation/HOSPI.1.3.1.m.3"/>
        <relation>!=</relation>
        <measure rdf:datatype="http://www.w3.org/2001/XMLSchema#float">0.0</measure>
      </Cell>
    </map>
    <map>
      <Cell>
        <entity1 rdf:resource="http://ec.europa.eu/esco/occupation/22534"/>
        <entity2 rdf:resource="http://ec.europa.eu/esco/occupation/HOSPI.1.1.3.m.6"/>
        <relation>!=</relation>
        <measure rdf:datatype="http://www.w3.org/2001/XMLSchema#float">0.0</measure>
      </Cell>
    </map>
    <map>
      <Cell>
        <entity1 rdf:resource="http://ec.europa.eu/esco/occupation/21314"/>
        <entity2 rdf:resource="http://ec.europa.eu/esco/occupation/HOSPI.2.3.1.m.7"/>
        <relation>!=</relation>
        <measure rdf:datatype="http://www.w3.org/2001/XMLSchema#float">0.0</measure>
      </Cell>
    </map>
    <map>
      <Cell>
        <entity1 rdf:resource="http://ec.europa.eu/esco/occupation/22749"/>
        <entity2 rdf:resource="http://ec.europa.eu/esco/occupation/HOSPI.1.3.2.m.1"/>
        <relation>!=</relation>
        <measure rdf:datatype="http://www.w3.org/2001/XMLSchema#float">0.0</measure>
      </Cell>
    </map>
    <map>
      <Cell>
        <entity1 rdf:resource="http://ec.europa.eu/esco/occupation/20520"/>
        <entity2 rdf:resource="http://ec.europa.eu/esco/occupation/HOSPI.1.1.3.m.3"/>
        <relation>!=</relation>
        <measure rdf:datatype="http://www.w3.org/2001/XMLSchema#float">0.0</measure>
      </Cell>
    </map>
    <map>
      <Cell>
        <entity1 rdf:resource="http://ec.europa.eu/esco/occupation/23188"/>
        <entity2 rdf:resource="http://ec.europa.eu/esco/occupation/HOSPI.1.2.2.m.6"/>
        <relation>!=</relation>
        <measure rdf:datatype="http://www.w3.org/2001/XMLSchema#float">0.0</measure>
      </Cell>
    </map>
    <map>
      <Cell>
        <entity1 rdf:resource="http://ec.europa.eu/esco/occupation/18172"/>
        <entity2 rdf:resource="http://ec.europa.eu/esco/occupation/HOSPI.1.2.2.m.17"/>
        <relation>!=</relation>
        <measure rdf:datatype="http://www.w3.org/2001/XMLSchema#float">0.0</measure>
      </Cell>
    </map>
    <map>
      <Cell>
        <entity1 rdf:resource="http://ec.europa.eu/esco/occupation/23309"/>
        <entity2 rdf:resource="http://ec.europa.eu/esco/occupation/HOSPI.2.2.2.m.13"/>
        <relation>!=</relation>
        <measure rdf:datatype="http://www.w3.org/2001/XMLSchema#float">0.0</measure>
      </Cell>
    </map>
    <map>
      <Cell>
        <entity1 rdf:resource="http://ec.europa.eu/esco/occupation/22787"/>
        <entity2 rdf:resource="http://ec.europa.eu/esco/occupation/HOSPI.1.3.2.m.8"/>
        <relation>!=</relation>
        <measure rdf:datatype="http://www.w3.org/2001/XMLSchema#float">0.0</measure>
      </Cell>
    </map>
    <map>
      <Cell>
        <entity1 rdf:resource="http://ec.europa.eu/esco/occupation/20058"/>
        <entity2 rdf:resource="http://ec.europa.eu/esco/occupation/HOSPI.1.3.2.m.1"/>
        <relation>!=</relation>
        <measure rdf:datatype="http://www.w3.org/2001/XMLSchema#float">0.0</measure>
      </Cell>
    </map>
    <map>
      <Cell>
        <entity1 rdf:resource="http://ec.europa.eu/esco/occupation/21551"/>
        <entity2 rdf:resource="http://ec.europa.eu/esco/occupation/HOSPI.1.1.3.m.31"/>
        <relation>!=</relation>
        <measure rdf:datatype="http://www.w3.org/2001/XMLSchema#float">0.0</measure>
      </Cell>
    </map>
    <map>
      <Cell>
        <entity1 rdf:resource="http://ec.europa.eu/esco/occupation/21321"/>
        <entity2 rdf:resource="http://ec.europa.eu/esco/occupation/HOSPI.2.2.2.m.13"/>
        <relation>!=</relation>
        <measure rdf:datatype="http://www.w3.org/2001/XMLSchema#float">0.0</measure>
      </Cell>
    </map>
    <map>
      <Cell>
        <entity1 rdf:resource="http://ec.europa.eu/esco/occupation/19434"/>
        <entity2 rdf:resource="http://ec.europa.eu/esco/occupation/HOSPI.1.2.2.m.6"/>
        <relation>!=</relation>
        <measure rdf:datatype="http://www.w3.org/2001/XMLSchema#float">0.0</measure>
      </Cell>
    </map>
    <map>
      <Cell>
        <entity1 rdf:resource="http://ec.europa.eu/esco/occupation/23700"/>
        <entity2 rdf:resource="http://ec.europa.eu/esco/occupation/HOSPI.1.1.3.m.3"/>
        <relation>!=</relation>
        <measure rdf:datatype="http://www.w3.org/2001/XMLSchema#float">0.0</measure>
      </Cell>
    </map>
    <map>
      <Cell>
        <entity1 rdf:resource="http://ec.europa.eu/esco/occupation/22696"/>
        <entity2 rdf:resource="http://ec.europa.eu/esco/occupation/HOSPI.1.3.2.m.1"/>
        <relation>!=</relation>
        <measure rdf:datatype="http://www.w3.org/2001/XMLSchema#float">0.0</measure>
      </Cell>
    </map>
    <map>
      <Cell>
        <entity1 rdf:resource="http://ec.europa.eu/esco/occupation/16601"/>
        <entity2 rdf:resource="http://ec.europa.eu/esco/occupation/HOSPI.1.1.3.m.31"/>
        <relation>!=</relation>
        <measure rdf:datatype="http://www.w3.org/2001/XMLSchema#float">0.0</measure>
      </Cell>
    </map>
    <map>
      <Cell>
        <entity1 rdf:resource="http://ec.europa.eu/esco/occupation/23188"/>
        <entity2 rdf:resource="http://ec.europa.eu/esco/occupation/HOSPI.1.1.3.m.32"/>
        <relation>!=</relation>
        <measure rdf:datatype="http://www.w3.org/2001/XMLSchema#float">0.0</measure>
      </Cell>
    </map>
    <map>
      <Cell>
        <entity1 rdf:resource="http://ec.europa.eu/esco/occupation/23347"/>
        <entity2 rdf:resource="http://ec.europa.eu/esco/occupation/HOSPI.1.1.3.m.31"/>
        <relation>!=</relation>
        <measure rdf:datatype="http://www.w3.org/2001/XMLSchema#float">0.0</measure>
      </Cell>
    </map>
    <map>
      <Cell>
        <entity1 rdf:resource="http://ec.europa.eu/esco/occupation/23413"/>
        <entity2 rdf:resource="http://ec.europa.eu/esco/occupation/OCG.TL.3/VET.3.4"/>
        <relation>!=</relation>
        <measure rdf:datatype="http://www.w3.org/2001/XMLSchema#float">0.0</measure>
      </Cell>
    </map>
    <map>
      <Cell>
        <entity1 rdf:resource="http://ec.europa.eu/esco/occupation/14364"/>
        <entity2 rdf:resource="http://ec.europa.eu/esco/occupation/HOSPI.2.3.1.m.7"/>
        <relation>!=</relation>
        <measure rdf:datatype="http://www.w3.org/2001/XMLSchema#float">0.0</measure>
      </Cell>
    </map>
    <map>
      <Cell>
        <entity1 rdf:resource="http://ec.europa.eu/esco/occupation/15730"/>
        <entity2 rdf:resource="http://ec.europa.eu/esco/occupation/HOSPI.2.2.2.m.13"/>
        <relation>!=</relation>
        <measure rdf:datatype="http://www.w3.org/2001/XMLSchema#float">0.0</measure>
      </Cell>
    </map>
    <map>
      <Cell>
        <entity1 rdf:resource="http://ec.europa.eu/esco/occupation/23249"/>
        <entity2 rdf:resource="http://ec.europa.eu/esco/occupation/OCG.TL.3/VET.1.1"/>
        <relation>!=</relation>
        <measure rdf:datatype="http://www.w3.org/2001/XMLSchema#float">0.0</measure>
      </Cell>
    </map>
    <map>
      <Cell>
        <entity1 rdf:resource="http://ec.europa.eu/esco/occupation/22825"/>
        <entity2 rdf:resource="http://ec.europa.eu/esco/occupation/HOSPI.1.1.3.m.21"/>
        <relation>!=</relation>
        <measure rdf:datatype="http://www.w3.org/2001/XMLSchema#float">0.0</measure>
      </Cell>
    </map>
    <map>
      <Cell>
        <entity1 rdf:resource="http://ec.europa.eu/esco/occupation/15528"/>
        <entity2 rdf:resource="http://ec.europa.eu/esco/occupation/HOSPI.1.2.2.m.6"/>
        <relation>!=</relation>
        <measure rdf:datatype="http://www.w3.org/2001/XMLSchema#float">0.0</measure>
      </Cell>
    </map>
    <map>
      <Cell>
        <entity1 rdf:resource="http://ec.europa.eu/esco/occupation/21088"/>
        <entity2 rdf:resource="http://ec.europa.eu/esco/occupation/HOSPI.1.1.3.m.31"/>
        <relation>!=</relation>
        <measure rdf:datatype="http://www.w3.org/2001/XMLSchema#float">0.0</measure>
      </Cell>
    </map>
    <map>
      <Cell>
        <entity1 rdf:resource="http://ec.europa.eu/esco/occupation/19065"/>
        <entity2 rdf:resource="http://ec.europa.eu/esco/occupation/HOSPI.1.3.2.m.8"/>
        <relation>!=</relation>
        <measure rdf:datatype="http://www.w3.org/2001/XMLSchema#float">0.0</measure>
      </Cell>
    </map>
    <map>
      <Cell>
        <entity1 rdf:resource="http://ec.europa.eu/esco/occupation/14298"/>
        <entity2 rdf:resource="http://ec.europa.eu/esco/occupation/HOSPI.2.1.1.m.14"/>
        <relation>!=</relation>
        <measure rdf:datatype="http://www.w3.org/2001/XMLSchema#float">0.0</measure>
      </Cell>
    </map>
    <map>
      <Cell>
        <entity1 rdf:resource="http://ec.europa.eu/esco/occupation/21189"/>
        <entity2 rdf:resource="http://ec.europa.eu/esco/occupation/HOSPI.1.1.3.m.31"/>
        <relation>!=</relation>
        <measure rdf:datatype="http://www.w3.org/2001/XMLSchema#float">0.0</measure>
      </Cell>
    </map>
    <map>
      <Cell>
        <entity1 rdf:resource="http://ec.europa.eu/esco/occupation/21893"/>
        <entity2 rdf:resource="http://ec.europa.eu/esco/occupation/HOSPI.1.2.2.m.5"/>
        <relation>!=</relation>
        <measure rdf:datatype="http://www.w3.org/2001/XMLSchema#float">0.0</measure>
      </Cell>
    </map>
    <map>
      <Cell>
        <entity1 rdf:resource="http://ec.europa.eu/esco/occupation/20520"/>
        <entity2 rdf:resource="http://ec.europa.eu/esco/occupation/HOSPI.1.1.3.m.21"/>
        <relation>!=</relation>
        <measure rdf:datatype="http://www.w3.org/2001/XMLSchema#float">0.0</measure>
      </Cell>
    </map>
    <map>
      <Cell>
        <entity1 rdf:resource="http://ec.europa.eu/esco/occupation/22717"/>
        <entity2 rdf:resource="http://ec.europa.eu/esco/occupation/HOSPI.2.2.2.m.13"/>
        <relation>!=</relation>
        <measure rdf:datatype="http://www.w3.org/2001/XMLSchema#float">0.0</measure>
      </Cell>
    </map>
    <map>
      <Cell>
        <entity1 rdf:resource="http://ec.europa.eu/esco/occupation/21299"/>
        <entity2 rdf:resource="http://ec.europa.eu/esco/occupation/HOSPI.2.2.2.m.13"/>
        <relation>!=</relation>
        <measure rdf:datatype="http://www.w3.org/2001/XMLSchema#float">0.0</measure>
      </Cell>
    </map>
    <map>
      <Cell>
        <entity1 rdf:resource="http://ec.europa.eu/esco/occupation/22961"/>
        <entity2 rdf:resource="http://ec.europa.eu/esco/occupation/HOSPI.1.3.2.m.8"/>
        <relation>!=</relation>
        <measure rdf:datatype="http://www.w3.org/2001/XMLSchema#float">0.0</measure>
      </Cell>
    </map>
    <map>
      <Cell>
        <entity1 rdf:resource="http://ec.europa.eu/esco/occupation/22053"/>
        <entity2 rdf:resource="http://ec.europa.eu/esco/occupation/HOSPI.1.3.2.m.1"/>
        <relation>!=</relation>
        <measure rdf:datatype="http://www.w3.org/2001/XMLSchema#float">0.0</measure>
      </Cell>
    </map>
    <map>
      <Cell>
        <entity1 rdf:resource="http://ec.europa.eu/esco/occupation/21314"/>
        <entity2 rdf:resource="http://ec.europa.eu/esco/occupation/HOSPI.2.2.2.m.13"/>
        <relation>!=</relation>
        <measure rdf:datatype="http://www.w3.org/2001/XMLSchema#float">0.0</measure>
      </Cell>
    </map>
    <map>
      <Cell>
        <entity1 rdf:resource="http://ec.europa.eu/esco/occupation/17927"/>
        <entity2 rdf:resource="http://ec.europa.eu/esco/occupation/HOSPI.1.3.2.m.1"/>
        <relation>!=</relation>
        <measure rdf:datatype="http://www.w3.org/2001/XMLSchema#float">0.0</measure>
      </Cell>
    </map>
    <map>
      <Cell>
        <entity1 rdf:resource="http://ec.europa.eu/esco/occupation/22738"/>
        <entity2 rdf:resource="http://ec.europa.eu/esco/occupation/HOSPI.1.3.2.m.8"/>
        <relation>!=</relation>
        <measure rdf:datatype="http://www.w3.org/2001/XMLSchema#float">0.0</measure>
      </Cell>
    </map>
    <map>
      <Cell>
        <entity1 rdf:resource="http://ec.europa.eu/esco/occupation/20901"/>
        <entity2 rdf:resource="http://ec.europa.eu/esco/occupation/HOSPI.1.1.3.m.31"/>
        <relation>!=</relation>
        <measure rdf:datatype="http://www.w3.org/2001/XMLSchema#float">0.0</measure>
      </Cell>
    </map>
    <map>
      <Cell>
        <entity1 rdf:resource="http://ec.europa.eu/esco/occupation/22819"/>
        <entity2 rdf:resource="http://ec.europa.eu/esco/occupation/HOSPI.1.3.2.m.1"/>
        <relation>!=</relation>
        <measure rdf:datatype="http://www.w3.org/2001/XMLSchema#float">0.0</measure>
      </Cell>
    </map>
    <map>
      <Cell>
        <entity1 rdf:resource="http://ec.europa.eu/esco/occupation/17329"/>
        <entity2 rdf:resource="http://ec.europa.eu/esco/occupation/HOSPI.1.3.2.m.1"/>
        <relation>!=</relation>
        <measure rdf:datatype="http://www.w3.org/2001/XMLSchema#float">0.0</measure>
      </Cell>
    </map>
    <map>
      <Cell>
        <entity1 rdf:resource="http://ec.europa.eu/esco/occupation/23469"/>
        <entity2 rdf:resource="http://ec.europa.eu/esco/occupation/OCG.TL.3/VET.1.1"/>
        <relation>!=</relation>
        <measure rdf:datatype="http://www.w3.org/2001/XMLSchema#float">0.0</measure>
      </Cell>
    </map>
    <map>
      <Cell>
        <entity1 rdf:resource="http://ec.europa.eu/esco/occupation/17541"/>
        <entity2 rdf:resource="http://ec.europa.eu/esco/occupation/HOSPI.1.3.2.m.1"/>
        <relation>!=</relation>
        <measure rdf:datatype="http://www.w3.org/2001/XMLSchema#float">0.0</measure>
      </Cell>
    </map>
    <map>
      <Cell>
        <entity1 rdf:resource="http://ec.europa.eu/esco/occupation/20463"/>
        <entity2 rdf:resource="http://ec.europa.eu/esco/occupation/HOSPI.1.1.3.m.35"/>
        <relation>!=</relation>
        <measure rdf:datatype="http://www.w3.org/2001/XMLSchema#float">0.0</measure>
      </Cell>
    </map>
    <map>
      <Cell>
        <entity1 rdf:resource="http://ec.europa.eu/esco/occupation/17838"/>
        <entity2 rdf:resource="http://ec.europa.eu/esco/occupation/HOSPI.1.2.2.m.6"/>
        <relation>!=</relation>
        <measure rdf:datatype="http://www.w3.org/2001/XMLSchema#float">0.0</measure>
      </Cell>
    </map>
    <map>
      <Cell>
        <entity1 rdf:resource="http://ec.europa.eu/esco/occupation/22500"/>
        <entity2 rdf:resource="http://ec.europa.eu/esco/occupation/HOSPI.1.1.3.m.21"/>
        <relation>!=</relation>
        <measure rdf:datatype="http://www.w3.org/2001/XMLSchema#float">0.0</measure>
      </Cell>
    </map>
    <map>
      <Cell>
        <entity1 rdf:resource="http://ec.europa.eu/esco/occupation/22830"/>
        <entity2 rdf:resource="http://ec.europa.eu/esco/occupation/HOSPI.2.1.1.m.14"/>
        <relation>!=</relation>
        <measure rdf:datatype="http://www.w3.org/2001/XMLSchema#float">0.0</measure>
      </Cell>
    </map>
    <map>
      <Cell>
        <entity1 rdf:resource="http://ec.europa.eu/esco/occupation/22534"/>
        <entity2 rdf:resource="http://ec.europa.eu/esco/occupation/HOSPI.1.1.3.m.31"/>
        <relation>!=</relation>
        <measure rdf:datatype="http://www.w3.org/2001/XMLSchema#float">0.0</measure>
      </Cell>
    </map>
    <map>
      <Cell>
        <entity1 rdf:resource="http://ec.europa.eu/esco/occupation/21163"/>
        <entity2 rdf:resource="http://ec.europa.eu/esco/occupation/OCG.TL.3/VET.2.1"/>
        <relation>!=</relation>
        <measure rdf:datatype="http://www.w3.org/2001/XMLSchema#float">0.0</measure>
      </Cell>
    </map>
    <map>
      <Cell>
        <entity1 rdf:resource="http://ec.europa.eu/esco/occupation/21169"/>
        <entity2 rdf:resource="http://ec.europa.eu/esco/occupation/HOSPI.1.1.3.m.31"/>
        <relation>!=</relation>
        <measure rdf:datatype="http://www.w3.org/2001/XMLSchema#float">0.0</measure>
      </Cell>
    </map>
    <map>
      <Cell>
        <entity1 rdf:resource="http://ec.europa.eu/esco/occupation/21299"/>
        <entity2 rdf:resource="http://ec.europa.eu/esco/occupation/HOSPI.2.2.1.m.2"/>
        <relation>!=</relation>
        <measure rdf:datatype="http://www.w3.org/2001/XMLSchema#float">0.0</measure>
      </Cell>
    </map>
    <map>
      <Cell>
        <entity1 rdf:resource="http://ec.europa.eu/esco/occupation/22482"/>
        <entity2 rdf:resource="http://ec.europa.eu/esco/occupation/HOSPI.1.2.2.m.17"/>
        <relation>!=</relation>
        <measure rdf:datatype="http://www.w3.org/2001/XMLSchema#float">0.0</measure>
      </Cell>
    </map>
    <map>
      <Cell>
        <entity1 rdf:resource="http://ec.europa.eu/esco/occupation/19194"/>
        <entity2 rdf:resource="http://ec.europa.eu/esco/occupation/HOSPI.1.3.2.m.1"/>
        <relation>!=</relation>
        <measure rdf:datatype="http://www.w3.org/2001/XMLSchema#float">0.0</measure>
      </Cell>
    </map>
    <map>
      <Cell>
        <entity1 rdf:resource="http://ec.europa.eu/esco/occupation/14869"/>
        <entity2 rdf:resource="http://ec.europa.eu/esco/occupation/HOSPI.1.3.2.m.1"/>
        <relation>!=</relation>
        <measure rdf:datatype="http://www.w3.org/2001/XMLSchema#float">0.0</measure>
      </Cell>
    </map>
    <map>
      <Cell>
        <entity1 rdf:resource="http://ec.europa.eu/esco/occupation/16800"/>
        <entity2 rdf:resource="http://ec.europa.eu/esco/occupation/HOSPI.1.3.2.m.1"/>
        <relation>!=</relation>
        <measure rdf:datatype="http://www.w3.org/2001/XMLSchema#float">0.0</measure>
      </Cell>
    </map>
    <map>
      <Cell>
        <entity1 rdf:resource="http://ec.europa.eu/esco/occupation/21088"/>
        <entity2 rdf:resource="http://ec.europa.eu/esco/occupation/HOSPI.1.1.3.m.3"/>
        <relation>!=</relation>
        <measure rdf:datatype="http://www.w3.org/2001/XMLSchema#float">0.0</measure>
      </Cell>
    </map>
    <map>
      <Cell>
        <entity1 rdf:resource="http://ec.europa.eu/esco/occupation/14286"/>
        <entity2 rdf:resource="http://ec.europa.eu/esco/occupation/HOSPI.1.1.3.m.21"/>
        <relation>!=</relation>
        <measure rdf:datatype="http://www.w3.org/2001/XMLSchema#float">0.0</measure>
      </Cell>
    </map>
    <map>
      <Cell>
        <entity1 rdf:resource="http://ec.europa.eu/esco/occupation/16622"/>
        <entity2 rdf:resource="http://ec.europa.eu/esco/occupation/HOSPI.1.3.2.m.1"/>
        <relation>!=</relation>
        <measure rdf:datatype="http://www.w3.org/2001/XMLSchema#float">0.0</measure>
      </Cell>
    </map>
    <map>
      <Cell>
        <entity1 rdf:resource="http://ec.europa.eu/esco/occupation/22847"/>
        <entity2 rdf:resource="http://ec.europa.eu/esco/occupation/HOSPI.1.1.3.m.35"/>
        <relation>!=</relation>
        <measure rdf:datatype="http://www.w3.org/2001/XMLSchema#float">0.0</measure>
      </Cell>
    </map>
    <map>
      <Cell>
        <entity1 rdf:resource="http://ec.europa.eu/esco/occupation/20065"/>
        <entity2 rdf:resource="http://ec.europa.eu/esco/occupation/HOSPI.1.3.2.m.1"/>
        <relation>!=</relation>
        <measure rdf:datatype="http://www.w3.org/2001/XMLSchema#float">0.0</measure>
      </Cell>
    </map>
    <map>
      <Cell>
        <entity1 rdf:resource="http://ec.europa.eu/esco/occupation/15824"/>
        <entity2 rdf:resource="http://ec.europa.eu/esco/occupation/HOSPI.1.3.2.m.1"/>
        <relation>!=</relation>
        <measure rdf:datatype="http://www.w3.org/2001/XMLSchema#float">0.0</measure>
      </Cell>
    </map>
    <map>
      <Cell>
        <entity1 rdf:resource="http://ec.europa.eu/esco/occupation/20326"/>
        <entity2 rdf:resource="http://ec.europa.eu/esco/occupation/HOSPI.1.2.2.m.6"/>
        <relation>!=</relation>
        <measure rdf:datatype="http://www.w3.org/2001/XMLSchema#float">0.0</measure>
      </Cell>
    </map>
    <map>
      <Cell>
        <entity1 rdf:resource="http://ec.europa.eu/esco/occupation/21517"/>
        <entity2 rdf:resource="http://ec.europa.eu/esco/occupation/HOSPI.1.3.2.m.1"/>
        <relation>!=</relation>
        <measure rdf:datatype="http://www.w3.org/2001/XMLSchema#float">0.0</measure>
      </Cell>
    </map>
    <map>
      <Cell>
        <entity1 rdf:resource="http://ec.europa.eu/esco/occupation/20458"/>
        <entity2 rdf:resource="http://ec.europa.eu/esco/occupation/HOSPI.1.1.3.m.32"/>
        <relation>!=</relation>
        <measure rdf:datatype="http://www.w3.org/2001/XMLSchema#float">0.0</measure>
      </Cell>
    </map>
    <map>
      <Cell>
        <entity1 rdf:resource="http://ec.europa.eu/esco/occupation/19320"/>
        <entity2 rdf:resource="http://ec.europa.eu/esco/occupation/HOSPI.1.1.3.m.24"/>
        <relation>!=</relation>
        <measure rdf:datatype="http://www.w3.org/2001/XMLSchema#float">0.0</measure>
      </Cell>
    </map>
    <map>
      <Cell>
        <entity1 rdf:resource="http://ec.europa.eu/esco/occupation/14364"/>
        <entity2 rdf:resource="http://ec.europa.eu/esco/occupation/HOSPI.2.2.1.m.2"/>
        <relation>!=</relation>
        <measure rdf:datatype="http://www.w3.org/2001/XMLSchema#float">0.0</measure>
      </Cell>
    </map>
    <map>
      <Cell>
        <entity1 rdf:resource="http://ec.europa.eu/esco/occupation/15918"/>
        <entity2 rdf:resource="http://ec.europa.eu/esco/occupation/OCG.TL.3/VET.3.4"/>
        <relation>!=</relation>
        <measure rdf:datatype="http://www.w3.org/2001/XMLSchema#float">0.0</measure>
      </Cell>
    </map>
    <map>
      <Cell>
        <entity1 rdf:resource="http://ec.europa.eu/esco/occupation/20967"/>
        <entity2 rdf:resource="http://ec.europa.eu/esco/occupation/HOSPI.1.3.2.m.9"/>
        <relation>!=</relation>
        <measure rdf:datatype="http://www.w3.org/2001/XMLSchema#float">0.0</measure>
      </Cell>
    </map>
    <map>
      <Cell>
        <entity1 rdf:resource="http://ec.europa.eu/esco/occupation/22819"/>
        <entity2 rdf:resource="http://ec.europa.eu/esco/occupation/HOSPI.1.3.1.m.8"/>
        <relation>!=</relation>
        <measure rdf:datatype="http://www.w3.org/2001/XMLSchema#float">0.0</measure>
      </Cell>
    </map>
    <map>
      <Cell>
        <entity1 rdf:resource="http://ec.europa.eu/esco/occupation/14814"/>
        <entity2 rdf:resource="http://ec.europa.eu/esco/occupation/HOSPI.1.2.2.m.17"/>
        <relation>!=</relation>
        <measure rdf:datatype="http://www.w3.org/2001/XMLSchema#float">0.0</measure>
      </Cell>
    </map>
    <map>
      <Cell>
        <entity1 rdf:resource="http://ec.europa.eu/esco/occupation/22782"/>
        <entity2 rdf:resource="http://ec.europa.eu/esco/occupation/HOSPI.1.3.2.m.1"/>
        <relation>!=</relation>
        <measure rdf:datatype="http://www.w3.org/2001/XMLSchema#float">0.0</measure>
      </Cell>
    </map>
    <map>
      <Cell>
        <entity1 rdf:resource="http://ec.europa.eu/esco/occupation/20888"/>
        <entity2 rdf:resource="http://ec.europa.eu/esco/occupation/HOSPI.1.1.3.m.3"/>
        <relation>!=</relation>
        <measure rdf:datatype="http://www.w3.org/2001/XMLSchema#float">0.0</measure>
      </Cell>
    </map>
    <map>
      <Cell>
        <entity1 rdf:resource="http://ec.europa.eu/esco/occupation/21299"/>
        <entity2 rdf:resource="http://ec.europa.eu/esco/occupation/HOSPI.2.3.1.m.7"/>
        <relation>!=</relation>
        <measure rdf:datatype="http://www.w3.org/2001/XMLSchema#float">0.0</measure>
      </Cell>
    </map>
  </Alignment>
</rdf:RDF>
