<rdf:RDF xmlns:align="http://knowledgeweb.semanticweb.org/heterogeneity/alignment#" xmlns:xsd="http://www.w3.org/2001/XMLSchema#" xmlns:rdf="http://www.w3.org/1999/02/22-rdf-syntax-ns#" xmlns="http://knowledgeweb.semanticweb.org/heterogeneity/alignment#">
  <Alignment>
    <map>
      <Cell>
        <entity1 rdf:resource="http://ec.europa.eu/esco/occupation/23449"/>
        <entity2 rdf:resource="http://ec.europa.eu/esco/occupation/OCG.TL.3/VET.2.5"/>
        <relation>=</relation>
        <measure rdf:datatype="http://www.w3.org/2001/XMLSchema#float">0.0</measure>
      </Cell>
    </map>
    <map>
      <Cell>
        <entity1 rdf:resource="http://ec.europa.eu/esco/occupation/23476"/>
        <entity2 rdf:resource="http://ec.europa.eu/esco/occupation/OCG.TL.3/VET.1.1"/>
        <relation>=</relation>
        <measure rdf:datatype="http://www.w3.org/2001/XMLSchema#float">0.0</measure>
      </Cell>
    </map>
    <map>
      <Cell>
        <entity1 rdf:resource="http://ec.europa.eu/esco/occupation/17981"/>
        <entity2 rdf:resource="http://ec.europa.eu/esco/occupation/OCG.TL.3/VET.2.4"/>
        <relation>=</relation>
        <measure rdf:datatype="http://www.w3.org/2001/XMLSchema#float">0.0</measure>
      </Cell>
    </map>
    <map>
      <Cell>
        <entity1 rdf:resource="http://ec.europa.eu/esco/occupation/23210"/>
        <entity2 rdf:resource="http://ec.europa.eu/esco/occupation/OCG.TL.3/VET.3.4"/>
        <relation>=</relation>
        <measure rdf:datatype="http://www.w3.org/2001/XMLSchema#float">0.0</measure>
      </Cell>
    </map>
    <map>
      <Cell>
        <entity1 rdf:resource="http://ec.europa.eu/esco/occupation/15918"/>
        <entity2 rdf:resource="http://ec.europa.eu/esco/occupation/OCG.TL.3/VET.1.1"/>
        <relation>=</relation>
        <measure rdf:datatype="http://www.w3.org/2001/XMLSchema#float">0.0</measure>
      </Cell>
    </map>
    <map>
      <Cell>
        <entity1 rdf:resource="http://ec.europa.eu/esco/occupation/23413"/>
        <entity2 rdf:resource="http://ec.europa.eu/esco/occupation/OCG.TL.3/VET.3.4"/>
        <relation>!=</relation>
        <measure rdf:datatype="http://www.w3.org/2001/XMLSchema#float">0.0</measure>
      </Cell>
    </map>
    <map>
      <Cell>
        <entity1 rdf:resource="http://ec.europa.eu/esco/occupation/23249"/>
        <entity2 rdf:resource="http://ec.europa.eu/esco/occupation/OCG.TL.3/VET.1.1"/>
        <relation>!=</relation>
        <measure rdf:datatype="http://www.w3.org/2001/XMLSchema#float">0.0</measure>
      </Cell>
    </map>
    <map>
      <Cell>
        <entity1 rdf:resource="http://ec.europa.eu/esco/occupation/21163"/>
        <entity2 rdf:resource="http://ec.europa.eu/esco/occupation/OCG.TL.3/VET.2.1"/>
        <relation>!=</relation>
        <measure rdf:datatype="http://www.w3.org/2001/XMLSchema#float">0.0</measure>
      </Cell>
    </map>
    <map>
      <Cell>
        <entity1 rdf:resource="http://ec.europa.eu/esco/occupation/15918"/>
        <entity2 rdf:resource="http://ec.europa.eu/esco/occupation/OCG.TL.3/VET.3.4"/>
        <relation>!=</relation>
        <measure rdf:datatype="http://www.w3.org/2001/XMLSchema#float">0.0</measure>
      </Cell>
    </map>
  </Alignment>
</rdf:RDF>
