<Interlink id="local-link">
  <LinkType>&lt;http://www.w3.org/2002/07/owl#sameAs&gt;</LinkType>
  <SourceDataset dataSource="v0-vet" var="a">
    <RestrictTo> </RestrictTo>
  </SourceDataset>
  <TargetDataset dataSource="v01-vet" var="b">
    <RestrictTo> </RestrictTo>
  </TargetDataset>
  <LinkageRule>
    <Aggregate id="unnamed_17" required="false" weight="1" type="max">
      <Compare id="unnamed_16" required="false" weight="1" metric="jaroWinkler" threshold="0.1" indexing="true">
        <TransformInput id="unnamed_15" function="lowerCase">
          <Input id="unnamed_12" path="?a/&lt;http://www.w3.org/2004/02/skos/core#prefLabel&gt;"/>
        </TransformInput>
        <TransformInput id="unnamed_14" function="lowerCase">
          <Input id="unnamed_13" path="?b/&lt;http://www.w3.org/2004/02/skos/core#altLabel&gt;"/>
        </TransformInput>
      </Compare>
      <Compare id="unnamed_11" required="false" weight="1" metric="jaroWinkler" threshold="0.1" indexing="true">
        <TransformInput id="unnamed_9" function="lowerCase">
          <Input id="unnamed_7" path="?a/&lt;http://www.w3.org/2004/02/skos/core#altLabel&gt;"/>
        </TransformInput>
        <TransformInput id="unnamed_10" function="lowerCase">
          <Input id="unnamed_8" path="?b/&lt;http://www.w3.org/2004/02/skos/core#altLabel&gt;"/>
        </TransformInput>
      </Compare>
      <Compare id="unnamed_4" required="false" weight="1" metric="jaroWinkler" threshold="0.1" indexing="true">
        <TransformInput id="unnamed_5" function="lowerCase">
          <Input id="unnamed_1" path="?a/&lt;http://www.w3.org/2004/02/skos/core#prefLabel&gt;"/>
        </TransformInput>
        <TransformInput id="unnamed_6" function="lowerCase">
          <Input id="unnamed_2" path="?b/&lt;http://www.w3.org/2004/02/skos/core#prefLabel&gt;"/>
        </TransformInput>
      </Compare>
    </Aggregate>
  </LinkageRule>
  <Filter unambiguous="false"/>
  <Outputs> </Outputs>
</Interlink>
